hour, t(sec), P1 (kW), Q1 (kvar)
0, 900.00000, -89.9159, -17.416
0, 1800.00000, -107.778, -20.9735
0, 2700.00000, -107.619, -20.9543
1, 0.00000, -106.798, -20.7913
1, 900.00000, -99.3031, -19.1889
1, 1800.00000, -108.671, -21.1575
1, 2700.00000, -106.856, -20.7966
2, 0.00000, -104.717, -20.3565
2, 900.00000, -103.066, -20.0136
2, 1800.00000, -102.75, -19.9539
2, 2700.00000, -104.896, -20.4014
3, 0.00000, -104.712, -20.3307
3, 900.00000, -102.973, -19.9691
3, 1800.00000, -100.844, -19.5392
3, 2700.00000, -97.3214, -18.7947
4, 0.00000, -91.9542, -17.6598
4, 900.00000, -91.8538, -17.6197
4, 1800.00000, -97.26, -18.7785
4, 2700.00000, -97.9101, -18.8967
5, 0.00000, -84.103, -15.8244
5, 900.00000, -84.7504, -16.0445
5, 1800.00000, -87.996, -16.7641
5, 2700.00000, -70.2121, -12.7328
6, 0.00000, -29.1004, -2.26869
6, 900.00000, -9.78705, 2.79308
6, 1800.00000, 15.3425, 10.2503
6, 2700.00000, 40.0199, 18.109
7, 0.00000, 65.1984, 26.703
7, 900.00000, 41.9062, 18.6631
7, 1800.00000, 39.3206, 16.7212
7, 2700.00000, 55.3513, 22.8295
8, 0.00000, 103.446, 30.19
8, 900.00000, 109.192, 34.1676
8, 1800.00000, 115.64, 34.1837
8, 2700.00000, 59.872, 23.4993
9, 0.00000, 83.8312, 31.3135
9, 900.00000, 50.3183, 19.6772
9, 1800.00000, 44.9865, 18.0939
9, 2700.00000, 56.8898, 22.9762
10, 0.00000, 58.3002, 23.2871
10, 900.00000, 37.9319, 16.7408
10, 1800.00000, 11.0469, 8.51626
10, 2700.00000, 2.20403, 6.02766
11, 0.00000, 0.422111, 5.28332
11, 900.00000, 19.206, 10.9005
11, 1800.00000, 47.4234, 20.5309
11, 2700.00000, 37.5693, 17.8621
12, 0.00000, 30.873, 15.4439
12, 900.00000, 41.7513, 18.6621
12, 1800.00000, 31.2751, 15.2598
12, 2700.00000, 21.9181, 12.5913
13, 0.00000, 39.2381, 17.8172
13, 900.00000, 0.840538, 6.43824
13, 1800.00000, -12.7452, 2.5109
13, 2700.00000, -32.0029, -2.80435
14, 0.00000, -22.4818, -0.890713
14, 900.00000, -49.4213, -7.46633
14, 1800.00000, -50.3529, -7.858
14, 2700.00000, -48.2407, -7.53939
15, 0.00000, -55.4612, -9.05705
15, 900.00000, -54.6546, -8.8592
15, 1800.00000, -60.8424, -10.4399
15, 2700.00000, -52.6038, -8.60619
16, 0.00000, -57.5046, -9.78963
16, 900.00000, -69.0373, -12.4439
16, 1800.00000, -72.7597, -13.3477
16, 2700.00000, -73.4828, -13.5771
17, 0.00000, -68.4598, -12.5459
17, 900.00000, -57.4428, -10.0189
17, 1800.00000, -80.4875, -15.1315
17, 2700.00000, -80.2833, -15.0217
18, 0.00000, -83.8027, -15.8442
18, 900.00000, -74.2669, -13.7315
18, 1800.00000, -84.7313, -16.0526
18, 2700.00000, -74.5441, -13.8069
19, 0.00000, -84.9948, -16.0902
19, 900.00000, -77.8343, -14.474
19, 1800.00000, -83.1159, -15.6591
19, 2700.00000, -87.7654, -16.684
20, 0.00000, -96.2748, -18.4772
20, 900.00000, -95.0163, -18.1442
20, 1800.00000, -86.9961, -16.341
20, 2700.00000, -85.8588, -16.2051
21, 0.00000, -105.388, -20.3827
21, 900.00000, -108.05, -20.971
21, 1800.00000, -116.182, -22.6506
21, 2700.00000, -115.123, -22.3891
22, 0.00000, -115.573, -22.5115
22, 900.00000, -120.41, -23.5024
22, 1800.00000, -123.607, -24.1722
22, 2700.00000, -124.411, -24.3189
23, 0.00000, -123.951, -24.2087
23, 900.00000, -123.323, -24.0769
23, 1800.00000, -121.752, -23.7978
23, 2700.00000, -121.891, -23.8312
24, 0.00000, -118.662, -23.143
24, 900.00000, -124.237, -24.2953
24, 1800.00000, -120.629, -23.5595
24, 2700.00000, -115.136, -22.4325
25, 0.00000, -116.902, -22.8094
25, 900.00000, -119.628, -23.3815
25, 1800.00000, -117.407, -22.9118
25, 2700.00000, -119.375, -23.3074
26, 0.00000, -118.999, -23.2357
26, 900.00000, -118.108, -23.0691
26, 1800.00000, -120.802, -23.6202
26, 2700.00000, -117.145, -22.8621
27, 0.00000, -118.108, -23.0555
27, 900.00000, -119.046, -23.2499
27, 1800.00000, -119.23, -23.2868
27, 2700.00000, -104.916, -20.3113
28, 0.00000, -105.123, -20.3406
28, 900.00000, -108.32, -21.0277
28, 1800.00000, -103.383, -19.9866
28, 2700.00000, -100.293, -19.3288
29, 0.00000, -98.2778, -18.8582
29, 900.00000, -105.001, -20.325
29, 1800.00000, -98.1281, -18.8952
29, 2700.00000, -63.9877, -11.0795
30, 0.00000, -51.1753, -7.93139
30, 900.00000, -29.8033, -2.68772
30, 1800.00000, 22.0199, 11.2735
30, 2700.00000, 32.4769, 14.7507
31, 0.00000, 31.8185, 14.2809
31, 900.00000, 41.0078, 17.0723
31, 1800.00000, 30.3533, 13.3893
31, 2700.00000, 49.8004, 19.6653
32, 0.00000, 88.5092, 30.0162
32, 900.00000, 137.044, 38.9167
32, 1800.00000, 94.1698, 28.6126
32, 2700.00000, 75.6558, 24.1117
33, 0.00000, 156.208, 47.7893
33, 900.00000, 201.944, 62.5187
33, 1800.00000, 273.18, 87.1433
33, 2700.00000, 254.687, 80.5073
34, 0.00000, 219.907, 68.9772
34, 900.00000, 199.769, 61.8325
34, 1800.00000, 158.367, 49.5094
34, 2700.00000, 172.806, 53.4438
35, 0.00000, 149.356, 45.8323
35, 900.00000, 158.012, 47.9201
35, 1800.00000, 174.261, 53.205
35, 2700.00000, 187.276, 57.6591
36, 0.00000, 168.864, 51.731
36, 900.00000, 168.16, 51.2926
36, 1800.00000, 198.193, 60.9445
36, 2700.00000, 161.055, 49.3163
37, 0.00000, 143.06, 44.0313
37, 900.00000, 119.629, 36.9209
37, 1800.00000, 171.436, 53.0326
37, 2700.00000, 140, 43.6696
38, 0.00000, 102.897, 32.6745
38, 900.00000, 99.3458, 31.5227
38, 1800.00000, 105.571, 32.7439
38, 2700.00000, 108.658, 33.5188
39, 0.00000, 89.0733, 28.1965
39, 900.00000, 87.9748, 27.9693
39, 1800.00000, 96.1429, 30.1118
39, 2700.00000, 101.104, 31.3684
40, 0.00000, 95.6243, 30.1674
40, 900.00000, 92.7676, 29.5111
40, 1800.00000, 91.6402, 29.0853
40, 2700.00000, 107.159, 33.645
41, 0.00000, 96.4945, 31.0503
41, 900.00000, 108.597, 34.5285
41, 1800.00000, 93.127, 30.3387
41, 2700.00000, 91.4649, 30.4171
42, 0.00000, 84.1697, 28.0505
42, 900.00000, 83.465, 27.5608
42, 1800.00000, 82.6689, 27.0043
42, 2700.00000, 72.607, 24.6974
43, 0.00000, 65.4451, 22.6394
43, 900.00000, 55.9839, 19.9324
43, 1800.00000, 52.862, 19.385
43, 2700.00000, 38.049, 15.6209
44, 0.00000, 18.3308, 10.4461
44, 900.00000, 7.66991, 7.71089
44, 1800.00000, -48.1206, -7.22398
44, 2700.00000, -93.926, -17.813
45, 0.00000, -112.348, -21.7205
45, 900.00000, -110.631, -21.4233
45, 1800.00000, -105.683, -20.4454
45, 2700.00000, -115.313, -22.4153
46, 0.00000, -122.527, -23.8809
46, 900.00000, -125.631, -24.549
46, 1800.00000, -127.777, -24.9881
46, 2700.00000, -131.2, -25.6722
47, 0.00000, -132.045, -25.8395
47, 900.00000, -130.023, -25.4356
47, 1800.00000, -128.354, -25.108
47, 2700.00000, -126.183, -24.6642
48, 0.00000, -128.796, -25.1886
48, 900.00000, -125.858, -24.6383
48, 1800.00000, -118.402, -23.1518
48, 2700.00000, -124.37, -24.3335
49, 0.00000, -122.249, -23.8797
49, 900.00000, -123.254, -24.0831
49, 1800.00000, -124.361, -24.3136
49, 2700.00000, -122.604, -23.9463
50, 0.00000, -123.15, -24.0607
50, 900.00000, -118.568, -23.1414
50, 1800.00000, -119.125, -23.2406
50, 2700.00000, -123.455, -24.115
51, 0.00000, -124.416, -24.3022
51, 900.00000, -126.456, -24.7017
51, 1800.00000, -121.445, -23.7007
51, 2700.00000, -113.266, -22.1086
52, 0.00000, -116.804, -22.8098
52, 900.00000, -118.849, -23.2008
52, 1800.00000, -115.236, -22.4874
52, 2700.00000, -109.525, -21.3194
53, 0.00000, -116.528, -22.7359
53, 900.00000, -118.657, -23.1518
53, 1800.00000, -114.413, -22.2787
53, 2700.00000, -112.347, -21.8467
54, 0.00000, -118.531, -23.1274
54, 900.00000, -109.199, -21.221
54, 1800.00000, -102.475, -19.8647
54, 2700.00000, -104.087, -20.1451
55, 0.00000, -100.996, -19.4717
55, 900.00000, -110.944, -21.559
55, 1800.00000, -108.045, -20.9484
55, 2700.00000, -107.968, -20.9357
56, 0.00000, -99.0009, -19.0866
56, 900.00000, -99.727, -19.2173
56, 1800.00000, -96.9326, -18.4671
56, 2700.00000, -41.0827, -4.94668
57, 0.00000, 19.8, 11.9653
57, 900.00000, 103.031, 39.927
57, 1800.00000, 97.2473, 38.4628
57, 2700.00000, 67.0926, 28.9683
58, 0.00000, 126.295, 43.8141
58, 900.00000, 113.383, 41.3
58, 1800.00000, 123.586, 42.7098
58, 2700.00000, 86.1682, 34.6203
59, 0.00000, 72.8228, 33.1013
59, 900.00000, 72.808, 32.5105
59, 1800.00000, 71.5765, 31.8662
59, 2700.00000, 100.893, 39.278
60, 0.00000, 143.025, 48.5991
60, 900.00000, 142.889, 47.4195
60, 1800.00000, 153.882, 48.2686
60, 2700.00000, 120.583, 41.9016
61, 0.00000, 116.063, 41.9489
61, 900.00000, 112.983, 41.5686
61, 1800.00000, 106.721, 39.4013
61, 2700.00000, 109.246, 40.2743
62, 0.00000, 90.7568, 33.7652
62, 900.00000, 94.8079, 35.3934
62, 1800.00000, 71.271, 27.6995
62, 2700.00000, 88.1279, 33.3437
63, 0.00000, 96.667, 36.1781
63, 900.00000, 89.6405, 33.8913
63, 1800.00000, 88.1042, 33.4101
63, 2700.00000, 98.6433, 36.6622
64, 0.00000, 101.601, 37.3308
64, 900.00000, 111.23, 40.1161
64, 1800.00000, 110.216, 39.9532
64, 2700.00000, 83.1899, 30.5837
65, 0.00000, 72.4206, 27.2318
65, 900.00000, 77.0029, 28.7497
65, 1800.00000, 69.2914, 26.2548
65, 2700.00000, 67.7775, 25.9654
66, 0.00000, 68.6928, 26.3039
66, 900.00000, 61.3895, 24.1153
66, 1800.00000, 46.6496, 19.5268
66, 2700.00000, 49.9237, 20.4393
67, 0.00000, 41.2321, 17.7014
67, 900.00000, 56.421, 22.3976
67, 1800.00000, 39.6359, 17.4941
67, 2700.00000, 28.8602, 14.2728
68, 0.00000, 20.9847, 11.9819
68, 900.00000, 15.3627, 10.3623
68, 1800.00000, -39.0901, -4.54167
68, 2700.00000, -97.4676, -18.5289
69, 0.00000, -115.811, -22.5096
69, 900.00000, -111.587, -21.6406
69, 1800.00000, -118.294, -23.0223
69, 2700.00000, -119.567, -23.2821
70, 0.00000, -117.426, -22.8361
70, 900.00000, -118.375, -23.05
70, 1800.00000, -123.269, -24.0847
70, 2700.00000, -125.232, -24.5
71, 0.00000, -123.035, -24.0523
71, 900.00000, -124.676, -24.3969
71, 1800.00000, -123.595, -24.1786
71, 2700.00000, -120.807, -23.5984
72, 0.00000, -122.035, -23.8485
72, 900.00000, -124.058, -24.2656
72, 1800.00000, -121.118, -23.665
72, 2700.00000, -121.259, -23.6962
73, 0.00000, -121.075, -23.6623
73, 900.00000, -115.767, -22.5841
73, 1800.00000, -117.505, -22.9501
73, 2700.00000, -119.017, -23.2561
74, 0.00000, -118.005, -23.0494
74, 900.00000, -117.44, -22.928
74, 1800.00000, -116.548, -22.7549
74, 2700.00000, -115.095, -22.474
75, 0.00000, -116.168, -22.6649
75, 900.00000, -112.285, -21.8898
75, 1800.00000, -113.461, -22.1366
75, 2700.00000, -114.93, -22.4261
76, 0.00000, -114.52, -22.3364
76, 900.00000, -115.114, -22.4609
76, 1800.00000, -114.951, -22.4385
76, 2700.00000, -104.581, -20.4065
77, 0.00000, -103.672, -20.2263
77, 900.00000, -98.8527, -19.227
77, 1800.00000, -101.865, -19.8286
77, 2700.00000, -99.7469, -19.3893
78, 0.00000, -99.7055, -19.3659
78, 900.00000, -100.471, -19.5192
78, 1800.00000, -98.0194, -19.0134
78, 2700.00000, -95.9682, -18.5732
79, 0.00000, -89.3468, -17.0739
79, 900.00000, -70.0081, -12.9257
79, 1800.00000, -54.7866, -9.45483
79, 2700.00000, -22.4797, -1.82319
80, 0.00000, -20.0748, -1.16233
80, 900.00000, -19.0156, -0.49463
80, 1800.00000, -20.4841, -0.82396
80, 2700.00000, -25.7192, -2.15549
81, 0.00000, -22.8151, -0.98813
81, 900.00000, 28.219, 9.28002
81, 1800.00000, -24.2141, -1.96661
81, 2700.00000, -54.8817, -8.51307
82, 0.00000, -45.1529, -4.92371
82, 900.00000, -51.361, -5.95508
82, 1800.00000, -70.8407, -11.188
82, 2700.00000, -79.9786, -13.9407
83, 0.00000, -86.9534, -15.6737
83, 900.00000, -78.6581, -13.7912
83, 1800.00000, -86.2819, -15.0201
83, 2700.00000, -99.7675, -17.5134
84, 0.00000, -106.446, -18.7404
84, 900.00000, -114.427, -20.6235
84, 1800.00000, -117.993, -21.3223
84, 2700.00000, -111.946, -20.1649
85, 0.00000, -99.2758, -17.8481
85, 900.00000, -98.0325, -17.7234
85, 1800.00000, -94.0381, -16.8916
85, 2700.00000, -90.7625, -16.2811
86, 0.00000, -83.3124, -14.9598
86, 900.00000, -75.8543, -13.5804
86, 1800.00000, -82.673, -14.7939
86, 2700.00000, -83.4423, -15.0639
87, 0.00000, -76.932, -13.9344
87, 900.00000, -72.4562, -13.089
87, 1800.00000, -64.1225, -11.4608
87, 2700.00000, -61.5857, -10.8351
88, 0.00000, -73.3624, -13.4876
88, 900.00000, -71.526, -13.1806
88, 1800.00000, -68.9739, -12.6621
88, 2700.00000, -74.9141, -13.8744
89, 0.00000, -71.4323, -13.1127
89, 900.00000, -76.894, -14.2599
89, 1800.00000, -91.8234, -17.4725
89, 2700.00000, -96.2028, -18.4013
90, 0.00000, -98.7828, -18.9799
90, 900.00000, -93.1855, -17.82
90, 1800.00000, -99.0372, -19.0764
90, 2700.00000, -94.3342, -18.0386
91, 0.00000, -100.89, -19.4178
91, 900.00000, -111.11, -21.5785
91, 1800.00000, -115.992, -22.5955
91, 2700.00000, -119.494, -23.3282
92, 0.00000, -118.766, -23.1845
92, 900.00000, -116.652, -22.7636
92, 1800.00000, -110.553, -21.5079
92, 2700.00000, -114.347, -22.2955
93, 0.00000, -116.104, -22.6537
93, 900.00000, -117.068, -22.8569
93, 1800.00000, -115.194, -22.467
93, 2700.00000, -117.243, -22.881
94, 0.00000, -117.429, -22.918
94, 900.00000, -122.643, -23.9824
94, 1800.00000, -119.445, -23.3446
94, 2700.00000, -118.381, -23.1287
95, 0.00000, -122.208, -23.9131
95, 900.00000, -120.379, -23.5449
95, 1800.00000, -121.598, -23.7998
95, 2700.00000, -119.498, -23.3733
96, 0.00000, -120.805, -23.6406
96, 900.00000, -121.587, -23.8102
96, 1800.00000, -122.21, -23.9337
96, 2700.00000, -117.88, -23.0306
97, 0.00000, -120.329, -23.5408
97, 900.00000, -120.391, -23.5568
97, 1800.00000, -117.146, -22.912
97, 2700.00000, -117.329, -22.957
98, 0.00000, -118.034, -23.092
98, 900.00000, -118.159, -23.1082
98, 1800.00000, -117.943, -23.0762
98, 2700.00000, -116.696, -22.824
99, 0.00000, -111.598, -21.8242
99, 900.00000, -110.617, -21.6481
99, 1800.00000, -112.822, -22.0674
99, 2700.00000, -114.931, -22.4879
100, 0.00000, -113.598, -22.2316
100, 900.00000, -113.72, -22.2553
100, 1800.00000, -117.648, -23.0134
100, 2700.00000, -120.452, -23.5644
101, 0.00000, -120.443, -23.5797
101, 900.00000, -113.064, -22.1377
101, 1800.00000, -111.949, -21.9171
101, 2700.00000, -114.081, -22.339
102, 0.00000, -113.087, -22.1318
102, 900.00000, -114.872, -22.5039
102, 1800.00000, -104.769, -20.4306
102, 2700.00000, -102.552, -19.9662
103, 0.00000, -105.344, -20.5569
103, 900.00000, -104.515, -20.3782
103, 1800.00000, -105.199, -20.4923
103, 2700.00000, -99.9664, -19.3644
104, 0.00000, -96.1416, -18.5973
104, 900.00000, -97.9025, -18.9731
104, 1800.00000, -93.9057, -18.1122
104, 2700.00000, -100.321, -19.423
105, 0.00000, -102.411, -19.8763
105, 900.00000, -102.929, -19.9752
105, 1800.00000, -103.548, -20.0978
105, 2700.00000, -105.244, -20.4243
106, 0.00000, -107.637, -20.932
106, 900.00000, -106.497, -20.6909
106, 1800.00000, -110.906, -21.5046
106, 2700.00000, -111.479, -21.6231
107, 0.00000, -104.091, -20.1569
107, 900.00000, -106.497, -20.6423
107, 1800.00000, -110.13, -21.399
107, 2700.00000, -105.355, -20.4336
108, 0.00000, -103.049, -19.9914
108, 900.00000, -106.277, -20.6556
108, 1800.00000, -105.431, -20.4308
108, 2700.00000, -106.624, -20.7248
109, 0.00000, -104.571, -20.2979
109, 900.00000, -110.428, -21.493
109, 1800.00000, -108.606, -21.1688
109, 2700.00000, -112.967, -22.0557
110, 0.00000, -110.079, -21.4654
110, 900.00000, -39.995, -7.57593
110, 1800.00000, -45.8547, -8.7924
110, 2700.00000, -49.9585, -9.60904
111, 0.00000, -119.992, -23.4253
111, 900.00000, -108.403, -21.117
111, 1800.00000, -107.906, -21.0437
111, 2700.00000, -57.3925, -11.0453
112, 0.00000, -32.9919, -6.12251
112, 900.00000, -98.9155, -19.2005
112, 1800.00000, -112.796, -21.9037
112, 2700.00000, -112.968, -21.9663
113, 0.00000, -104.142, -20.1848
113, 900.00000, -104.872, -20.3476
113, 1800.00000, -107.247, -20.8215
113, 2700.00000, -107.523, -20.8934
114, 0.00000, -106.694, -20.7283
114, 900.00000, -109.515, -21.3031
114, 1800.00000, -110.746, -21.5526
114, 2700.00000, -107.931, -20.9584
115, 0.00000, -106.83, -20.7477
115, 900.00000, -102.64, -19.8898
115, 1800.00000, -104.507, -20.2733
115, 2700.00000, -107.872, -20.9628
116, 0.00000, -109.09, -21.2129
116, 900.00000, -108.461, -21.0817
116, 1800.00000, -109.658, -21.3287
116, 2700.00000, -110.597, -21.5213
117, 0.00000, -108.856, -21.1868
117, 900.00000, -113.377, -22.1473
117, 1800.00000, -113.625, -22.1701
117, 2700.00000, -117.013, -22.8653
118, 0.00000, -116.437, -22.7403
118, 900.00000, -117.76, -23.0221
118, 1800.00000, -122.692, -24.0279
118, 2700.00000, -122.735, -24.0264
119, 0.00000, -124.602, -24.3849
119, 900.00000, -126.283, -24.7226
119, 1800.00000, -126.194, -24.7054
119, 2700.00000, -121.904, -23.8529
120, 0.00000, -123.975, -24.2617
120, 900.00000, -127.614, -24.9914
120, 1800.00000, -123.766, -24.246
120, 2700.00000, -122.167, -23.9318
121, 0.00000, -126.709, -24.83
121, 900.00000, -127.337, -24.9509
121, 1800.00000, -127.396, -24.9549
121, 2700.00000, -129.379, -25.3519
122, 0.00000, -118.776, -23.2183
122, 900.00000, -118.638, -23.2402
122, 1800.00000, -122.405, -23.9894
122, 2700.00000, -124.188, -24.3283
123, 0.00000, -125.286, -24.5586
123, 900.00000, -123.055, -24.1152
123, 1800.00000, -123.329, -24.1628
123, 2700.00000, -123.953, -24.2892
124, 0.00000, -123.91, -24.279
124, 900.00000, -122.505, -23.9953
124, 1800.00000, -123.886, -24.2759
124, 2700.00000, -124.134, -24.3311
125, 0.00000, -120.789, -23.6524
125, 900.00000, -114.707, -22.4344
125, 1800.00000, -118.772, -23.2602
125, 2700.00000, -120.268, -23.5568
126, 0.00000, -120.215, -23.5294
126, 900.00000, -119.602, -23.4106
126, 1800.00000, -116.309, -22.7379
126, 2700.00000, -108.607, -21.1573
127, 0.00000, -87.6346, -16.7312
127, 900.00000, -94.8136, -18.2043
127, 1800.00000, -67.7824, -12.2452
127, 2700.00000, -40.8163, -5.81274
128, 0.00000, -17.2717, 0.139487
128, 900.00000, 11.437, 7.88048
128, 1800.00000, 9.08718, 7.7493
128, 2700.00000, 13.0792, 8.50954
129, 0.00000, 14.988, 8.82531
129, 900.00000, 10.7627, 8.09663
129, 1800.00000, 9.47443, 7.90545
129, 2700.00000, 16.7362, 9.56338
130, 0.00000, 5.46611, 7.06866
130, 900.00000, 17.6314, 9.86851
130, 1800.00000, -1.10287, 5.83673
130, 2700.00000, -5.78911, 4.82874
131, 0.00000, -5.58299, 4.75498
131, 900.00000, 6.4637, 7.81449
131, 1800.00000, 6.47463, 7.84991
131, 2700.00000, 5.42698, 7.48788
132, 0.00000, 3.16821, 7.1029
132, 900.00000, 1.55735, 6.8152
132, 1800.00000, -13.5548, 3.29678
132, 2700.00000, -6.44331, 4.89515
133, 0.00000, -8.98819, 4.30123
133, 900.00000, -8.31874, 4.5605
133, 1800.00000, -6.48568, 4.94019
133, 2700.00000, -6.95163, 4.89846
134, 0.00000, -9.34259, 4.22998
134, 900.00000, -9.43109, 3.9223
134, 1800.00000, -9.47818, 3.8852
134, 2700.00000, -8.929, 3.94448
135, 0.00000, -8.15067, 3.99347
135, 900.00000, -7.59651, 4.05272
135, 1800.00000, -7.64659, 4.02992
135, 2700.00000, -3.57183, 4.93911
136, 0.00000, -6.97607, 4.16443
136, 900.00000, 1.6339, 5.95969
136, 1800.00000, -0.516778, 5.48911
136, 2700.00000, -2.90172, 5.06806
137, 0.00000, 2.05758, 6.27461
137, 900.00000, 6.55765, 7.49138
137, 1800.00000, 5.39588, 7.04053
137, 2700.00000, 3.84203, 6.55389
138, 0.00000, 1.47824, 5.86752
138, 900.00000, 7.63381, 7.58008
138, 1800.00000, -1.2672, 5.11702
138, 2700.00000, -3.32869, 4.47142
139, 0.00000, -15.0663, 1.37432
139, 900.00000, -23.4554, -0.858412
139, 1800.00000, -58.1556, -9.74126
139, 2700.00000, -102.696, -19.913
140, 0.00000, -106.375, -20.6728
140, 900.00000, -114.634, -22.3969
140, 1800.00000, -108.255, -21.0786
140, 2700.00000, -101.898, -19.7504
141, 0.00000, -109.145, -21.2584
141, 900.00000, -109.301, -21.291
141, 1800.00000, -110.269, -21.4905
141, 2700.00000, -110.908, -21.6241
142, 0.00000, -113.959, -22.2439
142, 900.00000, -115.024, -22.4667
142, 1800.00000, -117.229, -22.9388
142, 2700.00000, -118.285, -23.1617
143, 0.00000, -117.419, -22.9883
143, 900.00000, -118.944, -23.288
143, 1800.00000, -119.426, -23.3806
143, 2700.00000, -113.034, -22.0529
144, 0.00000, -120.832, -23.627
144, 900.00000, -118.573, -23.1493
144, 1800.00000, -110.497, -21.4576
144, 2700.00000, -98.3363, -18.9218
145, 0.00000, -94.4842, -18.1536
145, 900.00000, -98.8729, -19.0623
145, 1800.00000, -101.785, -19.6374
145, 2700.00000, -103.333, -19.9415
146, 0.00000, -101.662, -19.5835
146, 900.00000, -96.5764, -18.4581
146, 1800.00000, -110.501, -21.45
146, 2700.00000, -107.615, -20.8026
147, 0.00000, -101.453, -19.5588
147, 900.00000, -88.1446, -16.7735
147, 1800.00000, -84.4567, -16.019
147, 2700.00000, -89.4328, -17.1001
148, 0.00000, -96.3811, -18.5853
148, 900.00000, -82.411, -15.5814
148, 1800.00000, -81.914, -15.4846
148, 2700.00000, -70.3725, -12.8592
149, 0.00000, -27.3211, -2.45817
149, 900.00000, 3.16861, 5.88977
149, 1800.00000, 39.8692, 16.9676
149, 2700.00000, 43.2657, 18.2497
150, 0.00000, 45.9316, 19.2328
150, 900.00000, 32.8922, 14.9627
150, 1800.00000, 23.8064, 12.0899
150, 2700.00000, 75.2154, 28.4465
151, 0.00000, 67.2473, 24.4904
151, 900.00000, 68.9337, 25.0262
151, 1800.00000, 86.3941, 31.1055
151, 2700.00000, 62.8173, 23.518
152, 0.00000, 57.4675, 21.8482
152, 900.00000, 2.98313, 5.08926
152, 1800.00000, 36.8061, 14.7418
152, 2700.00000, 47.1939, 18.1201
153, 0.00000, 40.6887, 16.2755
153, 900.00000, 15.3736, 8.97827
153, 1800.00000, -22.1902, -1.31848
153, 2700.00000, -36.4562, -5.0999
154, 0.00000, -17.3166, -0.348076
154, 900.00000, -8.19035, 2.00149
154, 1800.00000, 7.21734, 6.55258
154, 2700.00000, 9.94502, 7.37711
155, 0.00000, 20.364, 10.2029
155, 900.00000, 11.0275, 7.35409
155, 1800.00000, 17.7321, 9.53662
155, 2700.00000, 13.3783, 8.68934
156, 0.00000, -13.9744, 1.14262
156, 900.00000, -30.7075, -3.36571
156, 1800.00000, -14.9364, 0.843246
156, 2700.00000, -31.2061, -3.4535
157, 0.00000, -44.6357, -6.76879
157, 900.00000, -26.2739, -2.22931
157, 1800.00000, -16.8231, 0.33269
157, 2700.00000, -3.74817, 4.09906
158, 0.00000, -33.3694, -3.68253
158, 900.00000, -22.3616, -0.890111
158, 1800.00000, -23.1827, -1.08923
158, 2700.00000, -14.2449, -0.122055
159, 0.00000, 10.8131, 4.38081
159, 900.00000, -61.4608, -10.9044
159, 1800.00000, -62.2559, -10.8538
159, 2700.00000, -55.1896, -9.39569
160, 0.00000, -62.0317, -11.1354
160, 900.00000, -60.9771, -10.73
160, 1800.00000, -73.4079, -13.5208
160, 2700.00000, -74.6886, -13.891
161, 0.00000, -70.7023, -12.9673
161, 900.00000, -64.8887, -11.7474
161, 1800.00000, -67.1338, -12.1956
161, 2700.00000, -70.3843, -12.8917
162, 0.00000, -69.5503, -12.6937
162, 900.00000, -68.2814, -12.4431
162, 1800.00000, -67.4342, -12.2879
162, 2700.00000, -72.0387, -13.3328
163, 0.00000, -84.8762, -16.1076
163, 900.00000, -88.789, -16.9198
163, 1800.00000, -85.048, -16.1552
163, 2700.00000, -74.9092, -13.9886
164, 0.00000, -84.9687, -16.1625
164, 900.00000, -77.6321, -14.5937
164, 1800.00000, -86.8857, -16.5821
164, 2700.00000, -91.6841, -17.6106
165, 0.00000, -92.3408, -17.7564
165, 900.00000, -96.7543, -18.6862
165, 1800.00000, -97.0781, -18.7116
165, 2700.00000, -96.2614, -18.5463
166, 0.00000, -94.433, -18.1869
166, 900.00000, -97.5531, -18.8523
166, 1800.00000, -108.694, -21.1695
166, 2700.00000, -109.602, -21.3475
167, 0.00000, -110.02, -21.4368
167, 900.00000, -111.095, -21.6689
167, 1800.00000, -109.682, -21.3724
167, 2700.00000, -110.184, -21.4738
168, 0.00000, -108.362, -21.1053
168, 900.00000, -97.4519, -18.7605
168, 1800.00000, -90.3543, -17.2258
168, 2700.00000, -88.2157, -16.7053
169, 0.00000, -90.8094, -17.267
169, 900.00000, -92.5153, -17.6448
169, 1800.00000, -93.2934, -17.8027
169, 2700.00000, -99.8542, -19.2093
170, 0.00000, -94.2169, -17.9792
170, 900.00000, -94.6038, -18.0195
170, 1800.00000, -93.4762, -17.7369
170, 2700.00000, -93.8776, -17.8273
171, 0.00000, -83.809, -15.8345
171, 900.00000, -75.1159, -14.0352
171, 1800.00000, -83.8858, -15.8269
171, 2700.00000, -85.5002, -16.1905
172, 0.00000, -80.5931, -15.2466
172, 900.00000, -75.3249, -13.9752
172, 1800.00000, -78.953, -14.7684
172, 2700.00000, -50.8965, -8.50597
173, 0.00000, -21.4776, -1.13975
173, 900.00000, -2.77449, 3.95354
173, 1800.00000, 43.9224, 17.7892
173, 2700.00000, 109.159, 39.518
174, 0.00000, 52.2817, 20.2889
174, 900.00000, 76.3465, 27.3039
174, 1800.00000, 102.83, 35.7851
174, 2700.00000, 85.8531, 29.9884
175, 0.00000, 83.0312, 28.9102
175, 900.00000, 112.891, 39.6647
175, 1800.00000, 97.327, 33.6278
175, 2700.00000, 66.8, 23.3562
176, 0.00000, 119.974, 42.0441
176, 900.00000, 107.946, 38.4527
176, 1800.00000, 101.315, 32.7767
176, 2700.00000, 174.855, 53.4488
177, 0.00000, 188.397, 57.4788
177, 900.00000, 200.527, 60.393
177, 1800.00000, 223.572, 69.1908
177, 2700.00000, 207.746, 65.7829
178, 0.00000, 203.659, 62.9899
178, 900.00000, 200.525, 61.6492
178, 1800.00000, 244.096, 75.6883
178, 2700.00000, 240.228, 74.5222
179, 0.00000, 214.754, 65.0069
179, 900.00000, 219.774, 66.2131
179, 1800.00000, 231.372, 70.3801
179, 2700.00000, 207.497, 61.826
180, 0.00000, 218.283, 66.1062
180, 900.00000, 176.54, 53.0124
180, 1800.00000, 202.596, 61.1043
180, 2700.00000, 160.336, 48.0772
181, 0.00000, 154.733, 46.5439
181, 900.00000, 169.008, 50.8013
181, 1800.00000, 152.138, 45.5863
181, 2700.00000, 149.685, 45.0841
182, 0.00000, 184.277, 55.3774
182, 900.00000, 146.244, 44.1647
182, 1800.00000, 145.57, 43.8124
182, 2700.00000, 157.137, 47.6988
183, 0.00000, 132.28, 41.6948
183, 900.00000, 137.521, 43.3585
183, 1800.00000, 143.271, 45.4211
183, 2700.00000, 139.763, 43.8261
184, 0.00000, 124.417, 40.779
184, 900.00000, 150.028, 47.1641
184, 1800.00000, 128.081, 41.4396
184, 2700.00000, 157.687, 49.8103
185, 0.00000, 142.64, 46.3222
185, 900.00000, 134.814, 43.503
185, 1800.00000, 135.008, 44.7999
185, 2700.00000, 128.955, 43.1979
186, 0.00000, 134.574, 45.3769
186, 900.00000, 138.729, 46.8967
186, 1800.00000, 125.874, 42.8894
186, 2700.00000, 107.048, 36.907
187, 0.00000, 111.493, 38.5222
187, 900.00000, 121.248, 42.1709
187, 1800.00000, 113.456, 39.2824
187, 2700.00000, 119.222, 41.0213
188, 0.00000, 101.342, 35.1051
188, 900.00000, 48.0194, 17.8842
188, 1800.00000, -13.7078, 0.870344
188, 2700.00000, -77.3071, -14.4366
189, 0.00000, -77.3197, -14.4677
189, 900.00000, -90.4059, -17.277
189, 1800.00000, -86.9278, -16.5447
189, 2700.00000, -83.3683, -15.7928
190, 0.00000, -89.4153, -17.0566
190, 900.00000, -91.2828, -17.4753
190, 1800.00000, -92.2416, -17.7088
190, 2700.00000, -94.6562, -18.2163
191, 0.00000, -97.1143, -18.7286
191, 900.00000, -100.195, -19.3933
191, 1800.00000, -99.3161, -19.1985
191, 2700.00000, -98.0836, -18.9554
192, 0.00000, -96.6045, -18.6656
192, 900.00000, -104.322, -20.3194
192, 1800.00000, -102.438, -19.8875
192, 2700.00000, -97.8784, -18.8972
193, 0.00000, -102.995, -20.0363
193, 900.00000, -95.4186, -18.4203
193, 1800.00000, -97.996, -18.9417
193, 2700.00000, -97.6643, -18.8677
194, 0.00000, -103.282, -20.0762
194, 900.00000, -98.6105, -19.0904
194, 1800.00000, -99.189, -19.2156
194, 2700.00000, -103.614, -20.1358
195, 0.00000, -99.1587, -19.1913
195, 900.00000, -99.3143, -19.2097
195, 1800.00000, -101.679, -19.7125
195, 2700.00000, -104.413, -20.2946
196, 0.00000, -104.542, -20.3224
196, 900.00000, -98.5456, -19.0332
196, 1800.00000, -98.5729, -19.0361
196, 2700.00000, -101.768, -19.7231
197, 0.00000, -102.889, -19.9606
197, 900.00000, -104.946, -20.4013
197, 1800.00000, -98.2724, -19.0429
197, 2700.00000, -79.7174, -15.0062
198, 0.00000, -66.9548, -12.093
198, 900.00000, -75.8506, -14.1309
198, 1800.00000, -72.0443, -13.2696
198, 2700.00000, -58.3214, -10.0118
199, 0.00000, -70.0969, -12.7793
199, 900.00000, -70.5124, -12.9031
199, 1800.00000, -80.7967, -15.2209
199, 2700.00000, -74.1902, -13.6895
200, 0.00000, -34.4443, -4.04128
200, 900.00000, -15.6919, 0.813284
200, 1800.00000, -18.3963, 0.203623
200, 2700.00000, 19.2135, 10.9389
201, 0.00000, 89.6933, 33.9791
201, 900.00000, 132.936, 50.3631
201, 1800.00000, 258.039, 103.207
201, 2700.00000, 282.577, 110.775
202, 0.00000, 306.383, 114.277
202, 900.00000, 224.644, 85.1302
202, 1800.00000, 265.171, 92.3447
202, 2700.00000, 239.809, 82.85
203, 0.00000, 199.224, 74.2496
203, 900.00000, 155.698, 62.4432
203, 1800.00000, 150.011, 61.2395
203, 2700.00000, 124.272, 51.1205
204, 0.00000, 143.473, 56.1847
204, 900.00000, 136.728, 51.9002
204, 1800.00000, 134.45, 52.088
204, 2700.00000, 121.473, 47.5076
205, 0.00000, 129.19, 49.8888
205, 900.00000, 153.723, 57.814
205, 1800.00000, 111.582, 43.4813
205, 2700.00000, 102.865, 40.0419
206, 0.00000, 103.411, 40.3788
206, 900.00000, 82.8759, 32.6074
206, 1800.00000, 88.7831, 33.1805
206, 2700.00000, 115.381, 42.8399
207, 0.00000, 106.412, 39.6097
207, 900.00000, 100.082, 37.4502
207, 1800.00000, 106.464, 39.4142
207, 2700.00000, 141.768, 50.2428
208, 0.00000, 130.605, 45.9817
208, 900.00000, 117.057, 41.4964
208, 1800.00000, 116.324, 41.4731
208, 2700.00000, 127.085, 44.7179
209, 0.00000, 136.237, 47.8494
209, 900.00000, 135.731, 48.0239
209, 1800.00000, 143.472, 51.4259
209, 2700.00000, 143.434, 50.9357
210, 0.00000, 141.554, 50.8704
210, 900.00000, 131.004, 47.6033
210, 1800.00000, 103.107, 37.813
210, 2700.00000, 106.108, 37.4244
211, 0.00000, 103.024, 37.1035
211, 900.00000, 89.3758, 32.852
211, 1800.00000, 67.0995, 26.269
211, 2700.00000, 58.5283, 23.4916
212, 0.00000, 53.5712, 21.852
212, 900.00000, 38.5898, 16.8755
212, 1800.00000, -11.0037, 2.21113
212, 2700.00000, -101.85, -19.4841
213, 0.00000, -122.777, -23.8596
213, 900.00000, -121.101, -23.4799
213, 1800.00000, -125.47, -24.3867
213, 2700.00000, -124.808, -24.2627
214, 0.00000, -129.039, -25.1131
214, 900.00000, -130.151, -25.3497
214, 1800.00000, -132.508, -25.8425
214, 2700.00000, -130.108, -25.3838
215, 0.00000, -133.968, -26.1504
215, 900.00000, -131.048, -25.5799
215, 1800.00000, -133.576, -26.0839
215, 2700.00000, -133.655, -26.1127
216, 0.00000, -131.641, -25.7313
216, 900.00000, -128.249, -25.0629
216, 1800.00000, -126.212, -24.6636
216, 2700.00000, -126.218, -24.6732
217, 0.00000, -126.46, -24.7318
217, 900.00000, -127.255, -24.8916
217, 1800.00000, -123.853, -24.2145
217, 2700.00000, -121.812, -23.8179
218, 0.00000, -125.206, -24.4959
218, 900.00000, -124.879, -24.4124
218, 1800.00000, -123.7, -24.1872
218, 2700.00000, -120.743, -23.6007
219, 0.00000, -109.262, -21.2541
219, 900.00000, -108.497, -21.1146
219, 1800.00000, -116.658, -22.7817
219, 2700.00000, -117.329, -22.9067
220, 0.00000, -113.425, -22.1193
220, 900.00000, -97.5936, -18.8461
220, 1800.00000, -107.892, -20.9976
220, 2700.00000, -90.0639, -17.1362
221, 0.00000, -70.9586, -12.6001
221, 900.00000, -48.467, -7.1723
221, 1800.00000, -16.3011, 1.65642
221, 2700.00000, -1.35483, 5.56157
222, 0.00000, 7.50862, 8.07589
222, 900.00000, 41.6312, 19.9379
222, 1800.00000, 4.87874, 8.10503
222, 2700.00000, 7.92838, 8.5469
223, 0.00000, 3.45238, 7.14318
223, 900.00000, 29.3989, 15.0347
223, 1800.00000, 60.3514, 25.2649
223, 2700.00000, 38.7602, 17.8177
224, 0.00000, 8.8031, 7.93775
224, 900.00000, 68.0558, 25.8364
224, 1800.00000, 96.4926, 31.0105
224, 2700.00000, 132.424, 40.4777
225, 0.00000, 182.418, 56.484
225, 900.00000, 223.552, 71.5595
225, 1800.00000, 218.932, 72.5089
225, 2700.00000, 203.764, 67.3531
226, 0.00000, 305.006, 94.1514
226, 900.00000, 337.865, 103.874
226, 1800.00000, 264.123, 82.3368
226, 2700.00000, 184.763, 59.7137
227, 0.00000, 204.501, 67.2724
227, 900.00000, 191.497, 61.5571
227, 1800.00000, 168.245, 53.6718
227, 2700.00000, 188.731, 59.6861
228, 0.00000, 164.759, 52.5081
228, 900.00000, 168.803, 53.1965
228, 1800.00000, 168.969, 53.0862
228, 2700.00000, 173.096, 54.2621
229, 0.00000, 150.872, 48.2905
229, 900.00000, 144.917, 46.7255
229, 1800.00000, 154.331, 48.9014
229, 2700.00000, 176.733, 56.4217
230, 0.00000, 182.495, 58.1911
230, 900.00000, 164.023, 51.963
230, 1800.00000, 139.586, 44.6604
230, 2700.00000, 138.325, 44.7106
231, 0.00000, 129.05, 41.4053
231, 900.00000, 94.6109, 30.5984
231, 1800.00000, 85.5182, 28.3052
231, 2700.00000, 97.676, 31.6211
232, 0.00000, 113.022, 38.2505
232, 900.00000, 91.639, 31.6954
232, 1800.00000, 82.6525, 29.1312
232, 2700.00000, 85.0342, 29.8666
233, 0.00000, 90.1569, 32.2345
233, 900.00000, 110.94, 38.969
233, 1800.00000, 118.769, 41.0037
233, 2700.00000, 114.048, 39.1051
234, 0.00000, 123.508, 43.2486
234, 900.00000, 133.955, 46.7353
234, 1800.00000, 124.707, 43.0149
234, 2700.00000, 91.3943, 31.8889
235, 0.00000, 98.6838, 34.5001
235, 900.00000, 122.777, 43.5726
235, 1800.00000, 108.417, 39.1612
235, 2700.00000, 93.757, 34.193
236, 0.00000, 72.7466, 27.1844
236, 900.00000, 48.8208, 18.6559
236, 1800.00000, -10.1457, 2.25683
236, 2700.00000, -75.0007, -13.8385
237, 0.00000, -102.796, -19.9291
237, 900.00000, -108.512, -21.0986
237, 1800.00000, -105.874, -20.5337
237, 2700.00000, -104.757, -20.2957
238, 0.00000, -94.7245, -18.145
238, 900.00000, -98.5489, -18.986
238, 1800.00000, -110.379, -21.5225
238, 2700.00000, -114.04, -22.263
239, 0.00000, -113.238, -22.1072
239, 900.00000, -115.516, -22.5872
239, 1800.00000, -112.513, -21.9721
239, 2700.00000, -113.555, -22.1877
240, 0.00000, -115.794, -22.6293
240, 900.00000, -104.227, -20.17
240, 1800.00000, -115.004, -22.4696
240, 2700.00000, -116.225, -22.7087
241, 0.00000, -114.302, -22.3074
241, 900.00000, -116.723, -22.7904
241, 1800.00000, -112.699, -21.9695
241, 2700.00000, -110.711, -21.56
242, 0.00000, -111.399, -21.6999
242, 900.00000, -103.968, -20.1576
242, 1800.00000, -100.819, -19.5185
242, 2700.00000, -103.768, -20.1278
243, 0.00000, -107.619, -20.8984
243, 900.00000, -106.138, -20.6168
243, 1800.00000, -103.351, -20.0613
243, 2700.00000, -105.402, -20.4593
244, 0.00000, -105.637, -20.4816
244, 900.00000, -111.976, -21.8251
244, 1800.00000, -112.612, -21.9699
244, 2700.00000, -88.0713, -16.7099
245, 0.00000, -64.0657, -11.0565
245, 900.00000, -56.6923, -9.42062
245, 1800.00000, -3.80095, 4.92201
245, 2700.00000, 6.08538, 8.06831
246, 0.00000, 5.96904, 7.81217
246, 900.00000, 24.6753, 12.827
246, 1800.00000, 30.519, 13.8853
246, 2700.00000, 21.5118, 11.1577
247, 0.00000, 28.9001, 13.1265
247, 900.00000, 9.85943, 7.74677
247, 1800.00000, 18.012, 9.39859
247, 2700.00000, 18.4078, 9.13841
248, 0.00000, 20.0459, 9.71605
248, 900.00000, 40.0961, 15.3572
248, 1800.00000, 128.66, 38.7978
248, 2700.00000, 143.081, 43.0398
249, 0.00000, 175.896, 53.7466
249, 900.00000, 266.799, 87.4311
249, 1800.00000, 242.67, 81.3731
249, 2700.00000, 294.315, 104.688
250, 0.00000, 272.627, 96.5044
250, 900.00000, 296.663, 102.384
250, 1800.00000, 321.441, 110.148
250, 2700.00000, 295.994, 101.036
251, 0.00000, 318.255, 107.779
251, 900.00000, 299.406, 103.036
251, 1800.00000, 314.336, 107.757
251, 2700.00000, 209.148, 69.1702
252, 0.00000, 212.031, 69.8598
252, 900.00000, 205.416, 65.5943
252, 1800.00000, 173.803, 55.0483
252, 2700.00000, 186.779, 58.3341
253, 0.00000, 155.593, 47.5237
253, 900.00000, 202.103, 59.0579
253, 1800.00000, 146.206, 47.5793
253, 2700.00000, 105.823, 34.9046
254, 0.00000, 188.542, 53.276
254, 900.00000, 83.6118, 27.6567
254, 1800.00000, 57.3257, 21.7266
254, 2700.00000, 73.4941, 25.7856
255, 0.00000, 54.7072, 21.3254
255, 900.00000, 69.3998, 25.8896
255, 1800.00000, 56.5418, 22.0821
255, 2700.00000, 76.3981, 28.1915
256, 0.00000, 63.8426, 24.2171
256, 900.00000, 79.0433, 29.1539
256, 1800.00000, 92.923, 33.786
256, 2700.00000, 115.639, 41.4051
257, 0.00000, 115.103, 41.5124
257, 900.00000, 130.324, 47.7096
257, 1800.00000, 160.234, 58.2137
257, 2700.00000, 152.757, 54.4086
258, 0.00000, 141.115, 50.2246
258, 900.00000, 134.065, 48.1865
258, 1800.00000, 151.948, 54.6782
258, 2700.00000, 142.605, 51.2268
259, 0.00000, 130.182, 46.7778
259, 900.00000, 125.011, 45.3578
259, 1800.00000, 124.125, 44.8017
259, 2700.00000, 118.591, 42.5924
260, 0.00000, 96.97, 35.3958
260, 900.00000, 57.7506, 22.426
260, 1800.00000, 0.733349, 5.37054
260, 2700.00000, -66.9621, -11.9634
261, 0.00000, -75.4293, -13.9224
261, 900.00000, -92.9436, -17.784
261, 1800.00000, -88.395, -16.8873
261, 2700.00000, -90.2625, -17.3279
262, 0.00000, -90.6291, -17.3794
262, 900.00000, -90.67, -17.3788
262, 1800.00000, -91.2157, -17.5635
262, 2700.00000, -92.4364, -17.8402
263, 0.00000, -87.8218, -16.8682
263, 900.00000, -89.0079, -17.1248
263, 1800.00000, -89.1272, -17.0951
263, 2700.00000, -93.37, -18.0153
264, 0.00000, -86.1181, -16.5124
264, 900.00000, -95.5879, -18.5565
264, 1800.00000, -92.0603, -17.7657
264, 2700.00000, -94.3551, -18.2478
265, 0.00000, -89.9258, -17.2794
265, 900.00000, -94.1362, -18.1966
265, 1800.00000, -95.5025, -18.4866
265, 2700.00000, -92.0457, -17.7473
266, 0.00000, -94.1344, -18.1953
266, 900.00000, -96.9227, -18.7919
266, 1800.00000, -90.395, -17.3847
266, 2700.00000, -92.6972, -17.8869
267, 0.00000, -93.5499, -18.1036
267, 900.00000, -92.757, -17.9549
267, 1800.00000, -100.871, -19.6345
267, 2700.00000, -100.759, -19.5818
268, 0.00000, -93.0246, -18.0042
268, 900.00000, -85.1477, -16.3416
268, 1800.00000, -91.4633, -17.6826
268, 2700.00000, -73.8808, -13.8571
269, 0.00000, -53.9837, -9.08113
269, 900.00000, -43.392, -6.49609
269, 1800.00000, -0.631584, 4.91821
269, 2700.00000, 18.7928, 10.3241
270, 0.00000, 18.2116, 10.7297
270, 900.00000, 28.4268, 13.4723
270, 1800.00000, 25.9299, 12.2
270, 2700.00000, 27.2291, 12.4041
271, 0.00000, 57.6707, 22.1804
271, 900.00000, 41.5281, 16.5739
271, 1800.00000, 40.166, 15.7452
271, 2700.00000, 69.6514, 23.576
272, 0.00000, 83.498, 28.1363
272, 900.00000, 84.3052, 27.1319
272, 1800.00000, 100.014, 31.0289
272, 2700.00000, 160.369, 48.053
273, 0.00000, 199.459, 59.3261
273, 900.00000, 248.834, 76.5944
273, 1800.00000, 389.561, 126.392
273, 2700.00000, 348.062, 109.408
274, 0.00000, 314.14, 94.7496
274, 900.00000, 320.248, 96.3812
274, 1800.00000, 239.818, 75.7761
274, 2700.00000, 202.432, 64.469
275, 0.00000, 188.224, 59.8575
275, 900.00000, 193.219, 59.8854
275, 1800.00000, 172.457, 53.6293
275, 2700.00000, 161.961, 49.6252
276, 0.00000, 149.781, 46.7659
276, 900.00000, 167.891, 52.3826
276, 1800.00000, 145.388, 45.2397
276, 2700.00000, 133.109, 41.3877
277, 0.00000, 112.684, 35.2329
277, 900.00000, 101.096, 32.0132
277, 1800.00000, 131.717, 40.7513
277, 2700.00000, 115.851, 36.2379
278, 0.00000, 121.39, 36.997
278, 900.00000, 123.51, 37.3498
278, 1800.00000, 153.335, 45.88
278, 2700.00000, 117.319, 35.4965
279, 0.00000, 98.4641, 31.1889
279, 900.00000, 110.291, 34.3939
279, 1800.00000, 82.2784, 26.6565
279, 2700.00000, 92.8194, 29.0987
280, 0.00000, 199.971, 53.9241
280, 900.00000, 104.807, 32.5935
280, 1800.00000, 178.043, 49.1664
280, 2700.00000, 176.628, 49.1188
281, 0.00000, 159.514, 47.4013
281, 900.00000, 125.194, 40.9267
281, 1800.00000, 117.863, 38.73
281, 2700.00000, 147.303, 48.7238
282, 0.00000, 164.842, 53.5051
282, 900.00000, 144.512, 48.4833
282, 1800.00000, 127.603, 43.4647
282, 2700.00000, 135.648, 45.197
283, 0.00000, 126.629, 42.3394
283, 900.00000, 105.285, 35.3354
283, 1800.00000, 97.4125, 32.8199
283, 2700.00000, 83.9872, 29.2781
284, 0.00000, 55.0909, 20.2057
284, 900.00000, 40.9738, 15.7922
284, 1800.00000, -3.24313, 3.94808
284, 2700.00000, -81.4244, -15.2294
285, 0.00000, -104.895, -20.3248
285, 900.00000, -107.552, -20.896
285, 1800.00000, -97.2234, -18.7345
285, 2700.00000, -97.5427, -18.8032
286, 0.00000, -97.8106, -18.8494
286, 900.00000, -105.166, -20.3333
286, 1800.00000, -108.418, -21.0327
286, 2700.00000, -108.436, -21.0318
287, 0.00000, -108.623, -21.0835
287, 900.00000, -110.141, -21.4058
287, 1800.00000, -110.8, -21.552
287, 2700.00000, -110.639, -21.5067
288, 0.00000, -112.185, -21.836
288, 900.00000, -114.659, -22.375
288, 1800.00000, -101.04, -19.4807
288, 2700.00000, -109.304, -21.2319
289, 0.00000, -110.127, -21.361
289, 900.00000, -108.333, -20.9834
289, 1800.00000, -108.227, -20.9779
289, 2700.00000, -108.624, -21.0532
290, 0.00000, -103.287, -19.8668
290, 900.00000, -107.008, -20.6908
290, 1800.00000, -107.884, -20.8874
290, 2700.00000, -109.146, -21.1525
291, 0.00000, -101.807, -19.6388
291, 900.00000, -95.6866, -18.3551
291, 1800.00000, -101.083, -19.4813
291, 2700.00000, -87.2749, -16.5298
292, 0.00000, -91.859, -17.5184
292, 900.00000, -88.9195, -16.8759
292, 1800.00000, -91.6124, -17.4677
292, 2700.00000, -35.3959, -4.3472
293, 0.00000, -24.7621, -1.34919
293, 900.00000, -23.4447, -0.732475
293, 1800.00000, 2.51261, 6.36445
293, 2700.00000, 47.357, 19.8611
294, 0.00000, 30.9648, 14.8229
294, 900.00000, 16.4752, 10.3263
294, 1800.00000, 41.2297, 17.8064
294, 2700.00000, 64.455, 24.8099
295, 0.00000, 90.906, 33.6886
295, 900.00000, 67.0574, 25.5191
295, 1800.00000, 97.8373, 35.3509
295, 2700.00000, 110.529, 38.0544
296, 0.00000, 107.597, 35.0715
296, 900.00000, 86.8941, 28.1448
296, 1800.00000, 131.141, 41.2731
296, 2700.00000, 177.452, 54.4602
297, 0.00000, 251.47, 79.1447
297, 900.00000, 305.042, 100.338
297, 1800.00000, 302.938, 102.123
297, 2700.00000, 255.389, 84.6162
298, 0.00000, 260.104, 85.315
298, 900.00000, 254.85, 83.9492
298, 1800.00000, 324.012, 108.412
298, 2700.00000, 306.245, 103.573
299, 0.00000, 299.694, 102.66
299, 900.00000, 304.879, 103.42
299, 1800.00000, 277.673, 93.9495
299, 2700.00000, 248.627, 82.3738
300, 0.00000, 253.393, 84.6194
300, 900.00000, 258.716, 85.6023
300, 1800.00000, 229.983, 74.9727
300, 2700.00000, 209.953, 68.0746
301, 0.00000, 183.514, 60.4181
301, 900.00000, 177.77, 57.6682
301, 1800.00000, 190.99, 61.4249
301, 2700.00000, 182.334, 58.0307
302, 0.00000, 156.572, 50.4653
302, 900.00000, 152.375, 49.2889
302, 1800.00000, 156.246, 50.273
302, 2700.00000, 137.321, 44.029
303, 0.00000, 120.341, 38.8964
303, 900.00000, 125.406, 40.2664
303, 1800.00000, 176.94, 51.3873
303, 2700.00000, 175.572, 50.8993
304, 0.00000, 187.24, 53.2221
304, 900.00000, 125.18, 40.3578
304, 1800.00000, 115.489, 39.035
304, 2700.00000, 102.522, 34.9248
305, 0.00000, 100.768, 34.3594
305, 900.00000, 117.333, 38.8305
305, 1800.00000, 128.788, 42.8666
305, 2700.00000, 145.094, 50.4324
306, 0.00000, 113.46, 40.0289
306, 900.00000, 121.33, 42.6195
306, 1800.00000, 110.075, 38.7918
306, 2700.00000, 119.4, 42.8624
307, 0.00000, 86.3233, 31.7719
307, 900.00000, 82.1189, 29.8336
307, 1800.00000, 70.3696, 25.517
307, 2700.00000, 62.3576, 23.1947
308, 0.00000, 33.457, 15.1052
308, 900.00000, 25.8891, 12.7508
308, 1800.00000, -10.4685, 2.50141
308, 2700.00000, -94.289, -17.8312
309, 0.00000, -122.845, -23.8851
309, 900.00000, -128.366, -25.0293
309, 1800.00000, -120.876, -23.487
309, 2700.00000, -120.639, -23.4374
310, 0.00000, -118.236, -22.9478
310, 900.00000, -125.211, -24.4034
310, 1800.00000, -135.801, -26.5554
310, 2700.00000, -135.775, -26.5515
311, 0.00000, -134.468, -26.2934
311, 900.00000, -136.03, -26.6075
311, 1800.00000, -134.352, -26.2691
311, 2700.00000, -135.431, -26.4849
312, 0.00000, -135.305, -26.4597
312, 900.00000, -134.996, -26.3907
312, 1800.00000, -132.612, -25.9059
312, 2700.00000, -120.119, -23.3626
313, 0.00000, -129.291, -25.2307
313, 900.00000, -129.163, -25.1857
313, 1800.00000, -132.376, -25.836
313, 2700.00000, -135.033, -26.3818
314, 0.00000, -132.814, -25.9277
314, 900.00000, -124.221, -24.2289
314, 1800.00000, -125.079, -24.4225
314, 2700.00000, -123.878, -24.1776
315, 0.00000, -126.311, -24.6593
315, 900.00000, -123.96, -24.1615
315, 1800.00000, -126.627, -24.6816
315, 2700.00000, -126.853, -24.7311
316, 0.00000, -127.39, -24.834
316, 900.00000, -129.31, -25.2091
316, 1800.00000, -132.839, -25.9152
316, 2700.00000, -133.754, -26.0881
317, 0.00000, -132.784, -25.9069
317, 900.00000, -129.703, -25.223
317, 1800.00000, -133.244, -25.9549
317, 2700.00000, -136.6, -26.6381
318, 0.00000, -136.395, -26.5934
318, 900.00000, -132.719, -25.824
318, 1800.00000, -129.402, -25.1106
318, 2700.00000, -128.858, -24.9993
319, 0.00000, -125.047, -24.2339
319, 900.00000, -135.962, -26.418
319, 1800.00000, -133.114, -25.7903
319, 2700.00000, -130.368, -25.1984
320, 0.00000, -131.008, -25.3151
320, 900.00000, -126.038, -24.2403
320, 1800.00000, -112.474, -21.3425
320, 2700.00000, -55.1144, -7.75342
321, 0.00000, -1.5081, 6.90402
321, 900.00000, 95.4534, 37.9349
321, 1800.00000, 119.819, 46.9382
321, 2700.00000, 77.7841, 31.4029
322, 0.00000, 49.8195, 22.9911
322, 900.00000, 63.1841, 27.6222
322, 1800.00000, 53.5007, 24.7518
322, 2700.00000, 42.8733, 21.607
323, 0.00000, 45.9146, 22.4989
323, 900.00000, 46.5232, 23.3111
323, 1800.00000, 24.6906, 16.5118
323, 2700.00000, 4.49684, 10.8493
324, 0.00000, -9.75657, 6.4517
324, 900.00000, -2.2027, 8.57055
324, 1800.00000, -8.91626, 6.36879
324, 2700.00000, -22.8002, 3.04952
325, 0.00000, -30.4078, 0.981096
325, 900.00000, -35.0901, -0.385047
325, 1800.00000, -28.9662, 0.997851
325, 2700.00000, -22.5897, 2.61725
326, 0.00000, -10.2019, 5.63395
326, 900.00000, -14.0595, 4.15219
326, 1800.00000, -8.63676, 5.71
326, 2700.00000, -8.03717, 5.63196
327, 0.00000, -5.78395, 6.19915
327, 900.00000, 8.70178, 9.61044
327, 1800.00000, -5.04712, 5.9342
327, 2700.00000, -0.606322, 6.88038
328, 0.00000, 28.6963, 15.1458
328, 900.00000, 63.3415, 25.0679
328, 1800.00000, 54.132, 22.2563
328, 2700.00000, 63.8203, 25.3027
329, 0.00000, 88.8159, 33.7047
329, 900.00000, 101.525, 38.0988
329, 1800.00000, 108.784, 40.4801
329, 2700.00000, 95.5418, 36.0495
330, 0.00000, 86.2408, 33.0617
330, 900.00000, 83.8791, 31.7857
330, 1800.00000, 68.1066, 27.1678
330, 2700.00000, 58.815, 24.1756
331, 0.00000, 38.7505, 18.1954
331, 900.00000, 37.4962, 17.6355
331, 1800.00000, 55.2723, 22.5848
331, 2700.00000, 40.5364, 17.7847
332, 0.00000, 33.3926, 15.9203
332, 900.00000, 10.9674, 9.28972
332, 1800.00000, -40.7032, -4.9562
332, 2700.00000, -114.005, -22.062
333, 0.00000, -125.827, -24.5
333, 900.00000, -124.307, -24.2
333, 1800.00000, -118.847, -23.0987
333, 2700.00000, -124.788, -24.3001
334, 0.00000, -129.885, -25.3491
334, 900.00000, -131.47, -25.6803
334, 1800.00000, -134.88, -26.3722
334, 2700.00000, -130.717, -25.5681
335, 0.00000, -127.692, -24.9856
335, 900.00000, -130.111, -25.4594
335, 1800.00000, -130.815, -25.5894
335, 2700.00000, -130.205, -25.456
336, 0.00000, -129.145, -25.2344
336, 900.00000, -126.245, -24.6495
336, 1800.00000, -124.281, -24.2559
336, 2700.00000, -118.166, -23.0073
337, 0.00000, -126.121, -24.6335
337, 900.00000, -123.983, -24.1935
337, 1800.00000, -125.98, -24.6014
337, 2700.00000, -129.523, -25.3171
338, 0.00000, -129.228, -25.2569
338, 900.00000, -129.441, -25.2975
338, 1800.00000, -126.9, -24.7682
338, 2700.00000, -121.635, -23.7054
339, 0.00000, -116.746, -22.751
339, 900.00000, -121.159, -23.6467
339, 1800.00000, -122.978, -23.9868
339, 2700.00000, -124.71, -24.3515
340, 0.00000, -118.886, -23.1741
340, 900.00000, -109.728, -21.2824
340, 1800.00000, -117.568, -22.9061
340, 2700.00000, -109.309, -21.1747
341, 0.00000, -111.618, -21.6521
341, 900.00000, -107.564, -20.7994
341, 1800.00000, -109.033, -21.0985
341, 2700.00000, -85.8545, -15.9532
342, 0.00000, -39.9014, -4.89295
342, 900.00000, -24.7373, -0.603703
342, 1800.00000, 9.14987, 8.93852
342, 2700.00000, 56.2961, 23.4515
343, 0.00000, 64.6104, 25.8343
343, 900.00000, 74.8505, 29.6383
343, 1800.00000, 69.8449, 27.8892
343, 2700.00000, 92.0658, 35.6217
344, 0.00000, 78.4148, 31.2874
344, 900.00000, 151.554, 57.013
344, 1800.00000, 163.075, 58.7799
344, 2700.00000, 166.126, 55.9524
345, 0.00000, 207.858, 65.9889
345, 900.00000, 320.329, 105.179
345, 1800.00000, 358.482, 120.156
345, 2700.00000, 313.48, 102.603
346, 0.00000, 323.329, 106.347
346, 900.00000, 342.189, 115.148
346, 1800.00000, 328.248, 110.895
346, 2700.00000, 269.487, 88.9717
347, 0.00000, 244.715, 79.7256
347, 900.00000, 281.648, 94.0321
347, 1800.00000, 333.372, 111.612
347, 2700.00000, 328.948, 108.342
348, 0.00000, 276.115, 88.2997
348, 900.00000, 231.917, 74.0156
348, 1800.00000, 225.806, 72.7501
348, 2700.00000, 189.089, 60.5168
349, 0.00000, 217.554, 70.8419
349, 900.00000, 204.324, 65.5194
349, 1800.00000, 195.59, 61.887
349, 2700.00000, 195.317, 61.7888
350, 0.00000, 174.789, 55.9018
350, 900.00000, 187.908, 60.073
350, 1800.00000, 195.098, 61.4538
350, 2700.00000, 179.7, 56.1819
351, 0.00000, 210.051, 64.4914
351, 900.00000, 221.104, 68.6735
351, 1800.00000, 233.063, 71.9114
351, 2700.00000, 207.627, 63.641
352, 0.00000, 208.121, 63.3048
352, 900.00000, 192.5, 58.4925
352, 1800.00000, 182.892, 56.0034
352, 2700.00000, 180.714, 54.6543
353, 0.00000, 196.493, 59.4877
353, 900.00000, 183.07, 55.2821
353, 1800.00000, 188.013, 58.1517
353, 2700.00000, 183.462, 57.6084
354, 0.00000, 190.899, 61.0363
354, 900.00000, 174.323, 55.265
354, 1800.00000, 148.736, 47.3658
354, 2700.00000, 128.769, 40.2998
355, 0.00000, 122.721, 39.0913
355, 900.00000, 116.543, 37.9489
355, 1800.00000, 113.196, 36.7059
355, 2700.00000, 91.5149, 29.5154
356, 0.00000, 97.9647, 31.8107
356, 900.00000, 77.825, 25.2675
356, 1800.00000, -6.02116, 1.88902
356, 2700.00000, -59.3532, -10.7987
357, 0.00000, -74.7033, -14.0896
357, 900.00000, -71.77, -13.418
357, 1800.00000, -82.3051, -15.7966
357, 2700.00000, -88.0126, -17.0036
358, 0.00000, -89.7854, -17.3629
358, 900.00000, -102.616, -20.0028
358, 1800.00000, -108.807, -21.2605
358, 2700.00000, -115.714, -22.5898
359, 0.00000, -112.796, -22.0258
359, 900.00000, -103.002, -20.0614
359, 1800.00000, -103.337, -20.0999
359, 2700.00000, -104.345, -20.3278
360, 0.00000, -99.256, -19.321
360, 900.00000, -101.836, -19.8066
360, 1800.00000, -103.929, -20.228
360, 2700.00000, -109.663, -21.3478
361, 0.00000, -110.229, -21.4771
361, 900.00000, -98.3859, -19.0795
361, 1800.00000, -112.86, -22.0016
361, 2700.00000, -105.715, -20.509
362, 0.00000, -110.082, -21.4257
362, 900.00000, -110.424, -21.5113
362, 1800.00000, -108.28, -21.1197
362, 2700.00000, -105.047, -20.4078
363, 0.00000, -100.704, -19.5448
363, 900.00000, -104.103, -20.2545
363, 1800.00000, -104.88, -20.4257
363, 2700.00000, -106.961, -20.8625
364, 0.00000, -99.6812, -19.346
364, 900.00000, -96.0306, -18.5875
364, 1800.00000, -91.0638, -17.5239
364, 2700.00000, -97.1487, -18.8161
365, 0.00000, -85.2151, -16.3112
365, 900.00000, -86.6108, -16.6296
365, 1800.00000, -75.4083, -14.2245
365, 2700.00000, -61.7884, -11.1681
366, 0.00000, -19.3205, -0.999327
366, 900.00000, 15.9859, 8.8153
366, 1800.00000, 78.1266, 27.1408
366, 2700.00000, 104.179, 36.6237
367, 0.00000, 96.4107, 33.6347
367, 900.00000, 89.9698, 30.6165
367, 1800.00000, 122.641, 42.0056
367, 2700.00000, 107.234, 36.285
368, 0.00000, 132.411, 41.506
368, 900.00000, 139.436, 41.6242
368, 1800.00000, 214.838, 64.3646
368, 2700.00000, 277.283, 85.99
369, 0.00000, 291.56, 91.0544
369, 900.00000, 329.205, 106.205
369, 1800.00000, 359.279, 117.254
369, 2700.00000, 354.145, 114.631
370, 0.00000, 371.367, 120.787
370, 900.00000, 327.763, 103.775
370, 1800.00000, 278.966, 86.56
370, 2700.00000, 251.46, 77.1647
371, 0.00000, 216.562, 65.2069
371, 900.00000, 270.499, 83.0813
371, 1800.00000, 271.204, 82.4345
371, 2700.00000, 229.891, 67.9801
372, 0.00000, 220.569, 64.9449
372, 900.00000, 221.507, 65.2977
372, 1800.00000, 239.718, 71.0944
372, 2700.00000, 229.787, 67.9589
373, 0.00000, 212.578, 62.3165
373, 900.00000, 216.426, 63.4366
373, 1800.00000, 236.111, 70.0121
373, 2700.00000, 207.081, 60.2076
374, 0.00000, 179.829, 51.8241
374, 900.00000, 196.783, 57.1459
374, 1800.00000, 185.05, 53.573
374, 2700.00000, 160.485, 46.1566
375, 0.00000, 144.202, 41.787
375, 900.00000, 151.198, 44.0753
375, 1800.00000, 165.829, 48.6738
375, 2700.00000, 147.237, 42.7823
376, 0.00000, 119.958, 35.2605
376, 900.00000, 122.595, 35.9971
376, 1800.00000, 122.36, 35.9726
376, 2700.00000, 138.482, 41.3195
377, 0.00000, 153.465, 46.7468
377, 900.00000, 176.195, 53.5796
377, 1800.00000, 166.564, 52.2434
377, 2700.00000, 191.813, 61.7645
378, 0.00000, 162.952, 51.9916
378, 900.00000, 175.049, 55.3709
378, 1800.00000, 177.785, 56.3331
378, 2700.00000, 163.628, 51.3156
379, 0.00000, 168.342, 52.4788
379, 900.00000, 158.984, 49.3513
379, 1800.00000, 141.946, 44.0903
379, 2700.00000, 130.453, 40.7104
380, 0.00000, 99.1147, 31.0001
380, 900.00000, 79.0173, 25.8039
380, 1800.00000, 29.6206, 11.1368
380, 2700.00000, -32.2599, -4.88833
381, 0.00000, -48.3988, -8.67573
381, 900.00000, -66.3188, -12.5956
381, 1800.00000, -69.4128, -13.2397
381, 2700.00000, -68.2798, -12.9561
382, 0.00000, -67.745, -12.8843
382, 900.00000, -73.3677, -14.0208
382, 1800.00000, -72.774, -13.9181
382, 2700.00000, -74.1474, -14.2662
383, 0.00000, -68.1959, -13.0108
383, 900.00000, -63.0675, -11.8702
383, 1800.00000, -75.2842, -14.4941
383, 2700.00000, -79.1844, -15.279
384, 0.00000, -75.9844, -14.5814
384, 900.00000, -83.7918, -16.1865
384, 1800.00000, -85.435, -16.5092
384, 2700.00000, -82.5719, -15.9126
385, 0.00000, -80.4343, -15.4581
385, 900.00000, -81.2577, -15.605
385, 1800.00000, -76.8793, -14.6088
385, 2700.00000, -82.0832, -15.7538
386, 0.00000, -79.9011, -15.2413
386, 900.00000, -85.964, -16.495
386, 1800.00000, -87.6066, -16.8072
386, 2700.00000, -91.2032, -17.541
387, 0.00000, -92.4043, -17.86
387, 900.00000, -89.6969, -17.268
387, 1800.00000, -87.0256, -16.6476
387, 2700.00000, -79.4159, -15.1125
388, 0.00000, -87.8532, -16.8676
388, 900.00000, -88.3101, -16.9289
388, 1800.00000, -82.565, -15.7309
388, 2700.00000, -77.5973, -14.5829
389, 0.00000, -86.5488, -16.4998
389, 900.00000, -77.9763, -14.6542
389, 1800.00000, -81.3577, -15.3989
389, 2700.00000, -57.8421, -10.1177
390, 0.00000, -19.9598, -0.834112
390, 900.00000, 13.7209, 8.38734
390, 1800.00000, 75.2246, 26.8923
390, 2700.00000, 89.2415, 32.7351
391, 0.00000, 81.5655, 29.0596
391, 900.00000, 67.9839, 24.3212
391, 1800.00000, 87.2511, 31.2176
391, 2700.00000, 126.843, 44.2616
392, 0.00000, 111.769, 37.0894
392, 900.00000, 119.232, 37.2373
392, 1800.00000, 155.269, 48.5758
392, 2700.00000, 231.803, 72.5479
393, 0.00000, 273.993, 86.6063
393, 900.00000, 307.876, 100.065
393, 1800.00000, 518.789, 197.934
393, 2700.00000, 487.486, 177.862
394, 0.00000, 536.063, 208.687
394, 900.00000, 616.776, 249.907
394, 1800.00000, 446.901, 163.198
394, 2700.00000, 436.691, 158.214
395, 0.00000, 438.051, 161.026
395, 900.00000, 417.006, 148.107
395, 1800.00000, 451.983, 161.034
395, 2700.00000, 404.835, 140.977
396, 0.00000, 343.894, 112.476
396, 900.00000, 332.932, 107.249
396, 1800.00000, 313.018, 97.8853
396, 2700.00000, 327, 102.135
397, 0.00000, 328.196, 102.568
397, 900.00000, 272.915, 82.4581
397, 1800.00000, 279.023, 84.4119
397, 2700.00000, 265.686, 80.0263
398, 0.00000, 233.201, 69.3657
398, 900.00000, 199.896, 58.1713
398, 1800.00000, 216.04, 63.5178
398, 2700.00000, 182.376, 53.0461
399, 0.00000, 173.55, 50.6803
399, 900.00000, 160.598, 47.3256
399, 1800.00000, 184.451, 54.103
399, 2700.00000, 164.043, 47.6197
400, 0.00000, 154.522, 45.7439
400, 900.00000, 146.201, 43.3958
400, 1800.00000, 164.449, 49.216
400, 2700.00000, 152.99, 47.258
401, 0.00000, 171.868, 53.4006
401, 900.00000, 193.305, 60.6144
401, 1800.00000, 193.942, 61.1255
401, 2700.00000, 204.375, 65.9994
402, 0.00000, 204, 66.2968
402, 900.00000, 204.638, 66.2276
402, 1800.00000, 192.707, 60.9542
402, 2700.00000, 189.317, 59.9662
403, 0.00000, 189.886, 60.6467
403, 900.00000, 179.653, 57.4804
403, 1800.00000, 158.264, 49.7468
403, 2700.00000, 159.194, 50.2319
404, 0.00000, 137.416, 42.9518
404, 900.00000, 88.5079, 28.416
404, 1800.00000, 24.4966, 9.84987
404, 2700.00000, -47.7561, -8.32215
405, 0.00000, -68.2911, -12.9244
405, 900.00000, -69.2775, -13.142
405, 1800.00000, -68.3768, -12.9489
405, 2700.00000, -72.156, -13.7937
406, 0.00000, -73.3668, -14.0331
406, 900.00000, -80.0833, -15.4595
406, 1800.00000, -83.3842, -16.1043
406, 2700.00000, -87.9546, -17.0151
407, 0.00000, -85.706, -16.4957
407, 900.00000, -89.1315, -17.2286
407, 1800.00000, -92.107, -17.8421
407, 2700.00000, -90.5251, -17.493
408, 0.00000, -91.8589, -17.7847
408, 900.00000, -93.9519, -18.2218
408, 1800.00000, -95.4632, -18.4786
408, 2700.00000, -92.4935, -17.8937
409, 0.00000, -93.8629, -18.1396
409, 900.00000, -91.8097, -17.7307
409, 1800.00000, -90.5563, -17.4616
409, 2700.00000, -93.1764, -18.0316
410, 0.00000, -94.0719, -18.2338
410, 900.00000, -84.1377, -16.1005
410, 1800.00000, -91.3671, -17.7063
410, 2700.00000, -86.6073, -16.6526
411, 0.00000, -88.1711, -17.0418
411, 900.00000, -90.8201, -17.4457
411, 1800.00000, -89.1763, -17.1779
411, 2700.00000, -88.667, -17.097
412, 0.00000, -81.4027, -15.5361
412, 900.00000, -86.3496, -16.5547
412, 1800.00000, -89.3669, -17.1995
412, 2700.00000, -83.2985, -15.9384
413, 0.00000, -80.6486, -15.3747
413, 900.00000, -81.5889, -15.4635
413, 1800.00000, -76.3692, -14.3729
413, 2700.00000, -55.5112, -9.7032
414, 0.00000, -18.5439, -0.269626
414, 900.00000, 25.697, 11.865
414, 1800.00000, 58.3706, 22.2038
414, 2700.00000, 66.7504, 24.934
415, 0.00000, 75.9592, 27.1904
415, 900.00000, 77.7058, 28.0293
415, 1800.00000, 85.212, 29.5669
415, 2700.00000, 99.7402, 33.8444
416, 0.00000, 90.8134, 30.9606
416, 900.00000, 118.19, 39.8196
416, 1800.00000, 133.773, 42.2087
416, 2700.00000, 180.077, 54.0645
417, 0.00000, 290.211, 89.4385
417, 900.00000, 317.514, 101.096
417, 1800.00000, 459.686, 160.757
417, 2700.00000, 461.037, 158.537
418, 0.00000, 437.116, 150.485
418, 900.00000, 477.485, 169.96
418, 1800.00000, 445.913, 157.536
418, 2700.00000, 367.413, 124.407
419, 0.00000, 387.74, 133.07
419, 900.00000, 433.078, 150.47
419, 1800.00000, 446.93, 157.148
419, 2700.00000, 365.842, 121.724
420, 0.00000, 355.404, 117.71
420, 900.00000, 349.247, 115.364
420, 1800.00000, 344.101, 112.15
420, 2700.00000, 288.972, 90.3732
421, 0.00000, 270.913, 83.7002
421, 900.00000, 287.078, 90.2672
421, 1800.00000, 279.383, 85.2122
421, 2700.00000, 262.422, 80.2532
422, 0.00000, 235.607, 71.9159
422, 900.00000, 227.256, 69.2422
422, 1800.00000, 208.416, 63.5446
422, 2700.00000, 184.664, 56.7193
423, 0.00000, 163.604, 51.2007
423, 900.00000, 166.242, 52.4139
423, 1800.00000, 138.631, 42.9748
423, 2700.00000, 123.805, 39.1101
424, 0.00000, 132.237, 42.4516
424, 900.00000, 121.611, 40.3051
424, 1800.00000, 150.319, 49.1903
424, 2700.00000, 182.591, 61.4714
425, 0.00000, 173.77, 58.3296
425, 900.00000, 163.472, 53.4909
425, 1800.00000, 157.733, 53.8248
425, 2700.00000, 165.037, 54.5813
426, 0.00000, 169.113, 56.3037
426, 900.00000, 168.685, 56.3707
426, 1800.00000, 155.75, 51.6419
426, 2700.00000, 161.603, 52.3151
427, 0.00000, 170.348, 53.949
427, 900.00000, 182.599, 58.197
427, 1800.00000, 159.297, 50.4841
427, 2700.00000, 147.053, 48.0691
428, 0.00000, 129.793, 41.972
428, 900.00000, 90.0124, 29.1118
428, 1800.00000, 52.8445, 17.9402
428, 2700.00000, -28.6617, -4.16215
429, 0.00000, -59.6478, -11.1032
429, 900.00000, -66.4297, -12.5395
429, 1800.00000, -68.9712, -13.0971
429, 2700.00000, -77.1246, -14.8437
430, 0.00000, -64.9578, -12.1865
430, 900.00000, -68.0362, -12.8977
430, 1800.00000, -80.6669, -15.5725
430, 2700.00000, -90.6871, -17.6547
431, 0.00000, -93.6917, -18.2653
431, 900.00000, -92.1429, -17.9163
431, 1800.00000, -96.7523, -18.8289
431, 2700.00000, -94.7815, -18.4206
432, 0.00000, -97.079, -18.9385
432, 900.00000, -87.3964, -16.9525
432, 1800.00000, -89.8198, -17.4813
432, 2700.00000, -83.6906, -16.215
433, 0.00000, -87.5438, -17.0289
433, 900.00000, -76.0708, -14.6375
433, 1800.00000, -88.3139, -17.1228
433, 2700.00000, -94.4726, -18.3939
434, 0.00000, -96.8239, -18.8655
434, 900.00000, -97.1646, -18.9338
434, 1800.00000, -98.712, -19.1898
434, 2700.00000, -103.513, -20.1608
435, 0.00000, -93.563, -18.1125
435, 900.00000, -105.724, -20.5947
435, 1800.00000, -105.116, -20.464
435, 2700.00000, -107.203, -20.9069
436, 0.00000, -104.85, -20.4176
436, 900.00000, -111.86, -21.801
436, 1800.00000, -102.84, -19.9658
436, 2700.00000, -109.402, -21.3233
437, 0.00000, -114.912, -22.4423
437, 900.00000, -111.891, -21.8205
437, 1800.00000, -107.525, -20.9358
437, 2700.00000, -106.486, -20.7234
438, 0.00000, -104.357, -20.2743
438, 900.00000, -92.8842, -17.8958
438, 1800.00000, -86.9471, -16.708
438, 2700.00000, -68.7573, -12.8612
439, 0.00000, -53.8298, -9.58018
439, 900.00000, -68.472, -12.7996
439, 1800.00000, -62.7695, -11.6326
439, 2700.00000, -50.7299, -9.00206
440, 0.00000, -32.9658, -4.98665
440, 900.00000, 0.278129, 3.31046
440, 1800.00000, 14.8619, 7.21822
440, 2700.00000, 41.4747, 15.1615
441, 0.00000, 121.859, 41.3277
441, 900.00000, 193.586, 65.7502
441, 1800.00000, 224.1, 80.6318
441, 2700.00000, 220.593, 80.349
442, 0.00000, 184.221, 64.5871
442, 900.00000, 155.127, 55.5317
442, 1800.00000, 102.116, 38.2514
442, 2700.00000, 104.789, 38.189
443, 0.00000, 109.389, 39.1298
443, 900.00000, 108.249, 38.2575
443, 1800.00000, 81.8369, 29.4779
443, 2700.00000, 71.7389, 27.2736
444, 0.00000, 66.6726, 25.2127
444, 900.00000, 60.0464, 23.0033
444, 1800.00000, 41.9036, 18.1291
444, 2700.00000, 40.3704, 17.066
445, 0.00000, 43.873, 17.8108
445, 900.00000, 48.6468, 18.6386
445, 1800.00000, 54.908, 19.7461
445, 2700.00000, 51.5585, 18.8661
446, 0.00000, 53.7269, 19.2176
446, 900.00000, 55.543, 19.7961
446, 1800.00000, 55.3384, 19.6518
446, 2700.00000, 57.5688, 20.5435
447, 0.00000, 73.2507, 25.2649
447, 900.00000, 70.9987, 24.2585
447, 1800.00000, 87.3128, 29.5235
447, 2700.00000, 81.7643, 27.01
448, 0.00000, 80.8686, 26.611
448, 900.00000, 91.8214, 29.7121
448, 1800.00000, 97.7994, 31.308
448, 2700.00000, 110.933, 35.2948
449, 0.00000, 109.227, 35.3307
449, 900.00000, 124.831, 39.1685
449, 1800.00000, 105.379, 33.5697
449, 2700.00000, 113.244, 36.7897
450, 0.00000, 121.952, 39.7082
450, 900.00000, 124.37, 40.4762
450, 1800.00000, 109.565, 35.9294
450, 2700.00000, 102.572, 33.8708
451, 0.00000, 121.223, 40.4954
451, 900.00000, 106.531, 35.5252
451, 1800.00000, 93.6871, 31.0813
451, 2700.00000, 83.3198, 27.5313
452, 0.00000, 88.1533, 29.0246
452, 900.00000, 72.7085, 24.0291
452, 1800.00000, 9.46177, 5.8257
452, 2700.00000, -49.3672, -8.79486
453, 0.00000, -66.0879, -12.4784
453, 900.00000, -69.5909, -13.3143
453, 1800.00000, -70.8087, -13.5658
453, 2700.00000, -72.5241, -13.93
454, 0.00000, -75.2071, -14.4548
454, 900.00000, -75.1345, -14.494
454, 1800.00000, -79.1263, -15.3487
454, 2700.00000, -78.6386, -15.2492
455, 0.00000, -76.8423, -14.8605
455, 900.00000, -74.0785, -14.2692
455, 1800.00000, -72.0088, -13.8319
455, 2700.00000, -71.4154, -13.7371
456, 0.00000, -73.142, -14.1195
456, 900.00000, -73.1746, -14.1211
456, 1800.00000, -70.3616, -13.5306
456, 2700.00000, -66.3733, -12.6715
457, 0.00000, -67.63, -12.9558
457, 900.00000, -65.3885, -12.477
457, 1800.00000, -72.2496, -13.9595
457, 2700.00000, -66.088, -12.615
458, 0.00000, -68.093, -13.0475
458, 900.00000, -64.4401, -12.2607
458, 1800.00000, -73.663, -14.2135
458, 2700.00000, -73.3617, -14.07
459, 0.00000, -74.1078, -14.2628
459, 900.00000, -69.8154, -13.2951
459, 1800.00000, -78.1095, -15.079
459, 2700.00000, -73.1198, -14.0014
460, 0.00000, -78.3392, -15.1205
460, 900.00000, -73.3289, -13.9658
460, 1800.00000, -79.1555, -15.214
460, 2700.00000, -78.8945, -15.1501
461, 0.00000, -79.9835, -15.386
461, 900.00000, -75.97, -14.5077
461, 1800.00000, -77.3749, -14.7995
461, 2700.00000, -83.6006, -16.1322
462, 0.00000, -79.9399, -15.3635
462, 900.00000, -76.4715, -14.5713
462, 1800.00000, -78.2805, -14.9721
462, 2700.00000, -73.4525, -13.8543
463, 0.00000, -72.0903, -13.5729
463, 900.00000, -60.9428, -11.0962
463, 1800.00000, -56.3562, -10.0213
463, 2700.00000, -50.4983, -8.68606
464, 0.00000, 6.79666, 5.58117
464, 900.00000, 47.9455, 17.0145
464, 1800.00000, 34.5978, 13.5205
464, 2700.00000, 56.4633, 20.2411
465, 0.00000, 157.936, 54.4397
465, 900.00000, 235.537, 84.9458
465, 1800.00000, 257.901, 96.8272
465, 2700.00000, 241.382, 88.8457
466, 0.00000, 220.794, 79.5553
466, 900.00000, 252.906, 94.4646
466, 1800.00000, 238.84, 88.0854
466, 2700.00000, 170.888, 60.7403
467, 0.00000, 128.426, 44.9739
467, 900.00000, 179.689, 62.5674
467, 1800.00000, 145.149, 50.1707
467, 2700.00000, 111.67, 38.0101
468, 0.00000, 110.764, 37.9732
468, 900.00000, 101.265, 34.4171
468, 1800.00000, 93.4702, 31.8496
468, 2700.00000, 76.2428, 26.989
469, 0.00000, 71.1186, 25.0699
469, 900.00000, 65.9687, 23.6382
469, 1800.00000, 61.7506, 22.6584
469, 2700.00000, 56.635, 20.8932
470, 0.00000, 47.6407, 18.1645
470, 900.00000, 55.0558, 20.3609
470, 1800.00000, 56.0364, 20.8919
470, 2700.00000, 47.2157, 18.8257
471, 0.00000, 52.2864, 20.4296
471, 900.00000, 54.8381, 20.3663
471, 1800.00000, 70.538, 24.981
471, 2700.00000, 62.5693, 22.5861
472, 0.00000, 62.1907, 22.7371
472, 900.00000, 82.9017, 28.7694
472, 1800.00000, 81.8285, 28.1187
472, 2700.00000, 86.5655, 29.7388
473, 0.00000, 101.514, 34.5499
473, 900.00000, 106.603, 36.2316
473, 1800.00000, 120.957, 40.8599
473, 2700.00000, 128.849, 43.696
474, 0.00000, 123.379, 42.0558
474, 900.00000, 130.844, 44.6709
474, 1800.00000, 115.565, 39.3411
474, 2700.00000, 113.137, 38.6967
475, 0.00000, 99.5188, 33.9651
475, 900.00000, 97.6351, 33.522
475, 1800.00000, 82.7901, 28.7222
475, 2700.00000, 86.393, 29.8226
476, 0.00000, 87.7576, 30.5925
476, 900.00000, 54.1262, 19.9226
476, 1800.00000, -16.6107, 0.120388
476, 2700.00000, -100.498, -19.4073
477, 0.00000, -103.681, -20.0996
477, 900.00000, -108.099, -21.0019
477, 1800.00000, -105.157, -20.4071
477, 2700.00000, -103.51, -20.0936
478, 0.00000, -104.911, -20.3895
478, 900.00000, -104.578, -20.3216
478, 1800.00000, -106.904, -20.7909
478, 2700.00000, -109.308, -21.2989
479, 0.00000, -103.641, -20.1746
479, 900.00000, -101.528, -19.7701
479, 1800.00000, -98.587, -19.1807
479, 2700.00000, -98.2412, -19.1365
480, 0.00000, -94.479, -18.3798
480, 900.00000, -91.698, -17.8235
480, 1800.00000, -89.4301, -17.3739
480, 2700.00000, -83.6166, -16.2081
481, 0.00000, -86.5918, -16.8294
481, 900.00000, -76.0789, -14.6875
481, 1800.00000, -76.6251, -14.8461
481, 2700.00000, -73.2934, -14.1661
482, 0.00000, -70.4682, -13.6199
482, 900.00000, -70.0021, -13.5442
482, 1800.00000, -63.1389, -12.0554
482, 2700.00000, -66.8006, -12.8883
483, 0.00000, -61.947, -11.9013
483, 900.00000, -62.4996, -12.0269
483, 1800.00000, -58.7337, -11.2396
483, 2700.00000, -56.4623, -10.7376
484, 0.00000, -54.4362, -10.3141
484, 900.00000, -55.0117, -10.4302
484, 1800.00000, -63.4219, -12.2269
484, 2700.00000, -46.1945, -8.5383
485, 0.00000, -45.5898, -8.41342
485, 900.00000, -34.0488, -5.94294
485, 1800.00000, -38.4487, -6.92476
485, 2700.00000, -18.4011, -2.45387
486, 0.00000, 26.611, 8.98923
486, 900.00000, 46.8911, 14.4629
486, 1800.00000, 110.857, 33.8315
486, 2700.00000, 117.885, 35.6995
487, 0.00000, 148.253, 46.1397
487, 900.00000, 147.081, 46.1786
487, 1800.00000, 125.71, 37.9937
487, 2700.00000, 108.456, 31.4585
488, 0.00000, 134.568, 41.2726
488, 900.00000, 139.075, 43.5246
488, 1800.00000, 127.054, 37.9015
488, 2700.00000, 237.585, 70.9218
489, 0.00000, 345.741, 107.385
489, 900.00000, 335.046, 104.935
489, 1800.00000, 413.031, 134.933
489, 2700.00000, 462.549, 155.76
490, 0.00000, 503.081, 174.923
490, 900.00000, 382.932, 125.836
490, 1800.00000, 411.573, 143.286
490, 2700.00000, 326.093, 106.505
491, 0.00000, 311.853, 99.5439
491, 900.00000, 329.047, 104.198
491, 1800.00000, 362.141, 115.951
491, 2700.00000, 310.313, 96.7885
492, 0.00000, 300.066, 92.7837
492, 900.00000, 240.051, 71.8314
492, 1800.00000, 221.111, 65.6282
492, 2700.00000, 237.03, 70.8072
493, 0.00000, 254.038, 76.7325
493, 900.00000, 246.205, 74.1353
493, 1800.00000, 240.581, 71.7974
493, 2700.00000, 227.204, 66.8389
494, 0.00000, 209.864, 61.0861
494, 900.00000, 187.37, 53.8367
494, 1800.00000, 203.775, 58.5928
494, 2700.00000, 208.116, 60.1745
495, 0.00000, 205.282, 59.3404
495, 900.00000, 220.663, 64.1124
495, 1800.00000, 216.898, 62.4849
495, 2700.00000, 208.607, 59.9066
496, 0.00000, 210.31, 61.7461
496, 900.00000, 192.129, 56.3109
496, 1800.00000, 218.994, 64.8083
496, 2700.00000, 230.223, 68.7927
497, 0.00000, 253.298, 76.697
497, 900.00000, 274.088, 84.2171
497, 1800.00000, 221.93, 67.3413
497, 2700.00000, 247.065, 75.4928
498, 0.00000, 249.066, 76.4671
498, 900.00000, 248.672, 76.6657
498, 1800.00000, 226.791, 69.0744
498, 2700.00000, 209.296, 62.0669
499, 0.00000, 215.434, 64.0286
499, 900.00000, 204.866, 61.146
499, 1800.00000, 187.194, 55.3839
499, 2700.00000, 170.458, 50.2534
500, 0.00000, 167.466, 48.6668
500, 900.00000, 140.802, 40.5459
500, 1800.00000, 59.1293, 16.7181
500, 2700.00000, -2.35135, 1.28946
501, 0.00000, 24.3653, 6.23942
501, 900.00000, 34.3096, 8.70073
501, 1800.00000, 27.4436, 6.91723
501, 2700.00000, 8.47252, 2.58337
502, 0.00000, 8.3224, 2.55361
502, 900.00000, 9.19285, 2.71717
502, 1800.00000, -3.47331, -0.0741887
502, 2700.00000, -14.2432, -2.38677
503, 0.00000, -14.8229, -2.49718
503, 900.00000, -13.433, -2.18833
503, 1800.00000, -12.7321, -2.03338
503, 2700.00000, -16.4247, -2.81202
504, 0.00000, -11.565, -1.77774
504, 900.00000, -17.765, -3.09553
504, 1800.00000, -17.9115, -3.11678
504, 2700.00000, -18.9056, -3.32447
505, 0.00000, -18.254, -3.18738
505, 900.00000, -15.7311, -2.65001
505, 1800.00000, -16.4577, -2.80918
505, 2700.00000, -21.0429, -3.78669
506, 0.00000, -18.4026, -3.21132
506, 900.00000, -16.3518, -2.76788
506, 1800.00000, -17.1046, -2.94401
506, 2700.00000, -17.2551, -2.98232
507, 0.00000, -14.302, -2.35756
507, 900.00000, -14.3056, -2.35552
507, 1800.00000, -8.77297, -1.15239
507, 2700.00000, -15.3365, -2.57112
508, 0.00000, -1.37314, 0.447033
508, 900.00000, 2.83583, 1.37641
508, 1800.00000, -11.5016, -1.74298
508, 2700.00000, -15.1079, -2.51588
509, 0.00000, -7.61625, -0.900641
509, 900.00000, 5.78463, 2.08855
509, 1800.00000, 4.79476, 1.82154
509, 2700.00000, 22.5559, 5.9348
510, 0.00000, 58.931, 15.3432
510, 900.00000, 78.0917, 20.3544
510, 1800.00000, 109.236, 29.509
510, 2700.00000, 121.677, 32.8068
511, 0.00000, 143.27, 39.0065
511, 900.00000, 158.277, 44.5662
511, 1800.00000, 109.641, 33.8432
511, 2700.00000, 106.212, 32.1118
512, 0.00000, 96.5743, 29.6743
512, 900.00000, 124.049, 36.093
512, 1800.00000, 193.188, 57.1768
512, 2700.00000, 213.031, 61.5382
513, 0.00000, 251.688, 72.8286
513, 900.00000, 259.979, 75.5997
513, 1800.00000, 378.315, 120.058
513, 2700.00000, 373.549, 117.879
514, 0.00000, 358.452, 112.516
514, 900.00000, 418.362, 136.988
514, 1800.00000, 400.026, 133.734
514, 2700.00000, 336.316, 109.254
515, 0.00000, 269.888, 83.9497
515, 900.00000, 284.591, 88.7544
515, 1800.00000, 311.946, 96.1395
515, 2700.00000, 257.736, 76.4018
516, 0.00000, 284.203, 86.0233
516, 900.00000, 274.147, 81.9042
516, 1800.00000, 251.321, 74.2985
516, 2700.00000, 228.47, 66.6619
517, 0.00000, 224.509, 66.3922
517, 900.00000, 242.803, 71.883
517, 1800.00000, 226.106, 66.1298
517, 2700.00000, 212.965, 62.2157
518, 0.00000, 191.886, 55.6881
518, 900.00000, 224.259, 66.3044
518, 1800.00000, 245.759, 72.8807
518, 2700.00000, 237.113, 70.4949
519, 0.00000, 240.781, 71.8372
519, 900.00000, 225.267, 66.7993
519, 1800.00000, 236.513, 70.115
519, 2700.00000, 240.487, 70.2045
520, 0.00000, 227.204, 67.9626
520, 900.00000, 227.799, 69.5248
520, 1800.00000, 238.91, 71.6287
520, 2700.00000, 220.306, 66.1662
521, 0.00000, 215.546, 65.8221
521, 900.00000, 219.169, 67.5091
521, 1800.00000, 224.025, 70.0763
521, 2700.00000, 204.875, 62.997
522, 0.00000, 196.665, 60.1448
522, 900.00000, 202.5, 62.4726
522, 1800.00000, 214.325, 66.135
522, 2700.00000, 202.92, 62.6539
523, 0.00000, 177.139, 52.7495
523, 900.00000, 187.892, 56.3614
523, 1800.00000, 198.777, 62.1099
523, 2700.00000, 198.234, 60.4273
524, 0.00000, 156.08, 45.921
524, 900.00000, 106.998, 31.4672
524, 1800.00000, 66.2422, 19.3494
524, 2700.00000, -12.4936, -0.619853
525, 0.00000, -26.9281, -3.87748
525, 900.00000, -29.5944, -4.55889
525, 1800.00000, -39.4898, -6.94696
525, 2700.00000, -49.4528, -9.20466
526, 0.00000, -55.2495, -10.4173
526, 900.00000, -55.0243, -10.3907
526, 1800.00000, -55.4211, -10.4979
526, 2700.00000, -56.7904, -10.796
527, 0.00000, -55.8169, -10.5731
527, 900.00000, -66.0348, -12.7252
527, 1800.00000, -68.1463, -13.1167
527, 2700.00000, -73.9465, -14.3161
528, 0.00000, -65.5515, -12.5151
528, 900.00000, -75.0865, -14.5709
528, 1800.00000, -70.4123, -13.6327
528, 2700.00000, -60.5431, -11.588
529, 0.00000, -62.5193, -12.0138
529, 900.00000, -59.43, -11.3768
529, 1800.00000, -59.7827, -11.4559
529, 2700.00000, -55.4233, -10.5233
530, 0.00000, -53.9809, -10.2545
530, 900.00000, -55.8484, -10.631
530, 1800.00000, -57.128, -10.9324
530, 2700.00000, -53.4733, -10.106
531, 0.00000, -59.6661, -11.4732
531, 900.00000, -53.1711, -10.0822
531, 1800.00000, -59.5764, -11.437
531, 2700.00000, -54.9238, -10.4305
532, 0.00000, -46.7791, -8.6586
532, 900.00000, -59.0735, -11.3165
532, 1800.00000, -50.5074, -9.5032
532, 2700.00000, -58.4557, -11.1953
533, 0.00000, -46.1095, -8.55073
533, 900.00000, -46.2995, -8.56937
533, 1800.00000, -43.7203, -7.91944
533, 2700.00000, -26.8944, -4.19318
534, 0.00000, 27.2446, 9.34837
534, 900.00000, 47.8401, 15.191
534, 1800.00000, 84.8198, 26.0762
534, 2700.00000, 98.0773, 30.5172
535, 0.00000, 111.435, 34.2523
535, 900.00000, 98.2005, 30.1765
535, 1800.00000, 100.334, 31.2688
535, 2700.00000, 112.288, 34.5767
536, 0.00000, 131.806, 41.041
536, 900.00000, 183.531, 55.0301
536, 1800.00000, 215.757, 64.4407
536, 2700.00000, 254.742, 75.6546
537, 0.00000, 294.486, 88.989
537, 900.00000, 292.658, 90.4842
537, 1800.00000, 406.049, 135.1
537, 2700.00000, 409.656, 136.343
538, 0.00000, 444.584, 149.726
538, 900.00000, 401.057, 132.851
538, 1800.00000, 357.724, 116.562
538, 2700.00000, 321.139, 103.832
539, 0.00000, 295.76, 95.6477
539, 900.00000, 268.079, 84.9638
539, 1800.00000, 315.983, 99.4185
539, 2700.00000, 285.06, 87.6611
540, 0.00000, 278.415, 84.409
540, 900.00000, 275.262, 81.8952
540, 1800.00000, 259.012, 77.1612
540, 2700.00000, 244.026, 71.0911
541, 0.00000, 220.187, 63.1851
541, 900.00000, 197.043, 55.4391
541, 1800.00000, 185.587, 51.5065
541, 2700.00000, 182.377, 50.205
542, 0.00000, 178.688, 49.1005
542, 900.00000, 201.437, 55.6105
542, 1800.00000, 230.333, 63.4198
542, 2700.00000, 232.359, 62.9439
543, 0.00000, 241.143, 65.4235
543, 900.00000, 236.899, 64.0927
543, 1800.00000, 230.632, 63.1563
543, 2700.00000, 220.25, 61.13
544, 0.00000, 200.63, 55.9897
544, 900.00000, 203.538, 56.9546
544, 1800.00000, 190.81, 53.7854
544, 2700.00000, 205.436, 58.5234
545, 0.00000, 223.52, 63.5333
545, 900.00000, 275.886, 77.4192
545, 1800.00000, 238.388, 66.4512
545, 2700.00000, 224.478, 63.6537
546, 0.00000, 232.908, 67.2159
546, 900.00000, 216.651, 62.6529
546, 1800.00000, 239.256, 69.9323
546, 2700.00000, 229.777, 66.7339
547, 0.00000, 237.069, 67.8034
547, 900.00000, 206.4, 58.3242
547, 1800.00000, 199.285, 55.4352
547, 2700.00000, 192.049, 53.2782
548, 0.00000, 185.241, 51.2003
548, 900.00000, 137.715, 37.6677
548, 1800.00000, 117.964, 31.2088
548, 2700.00000, 49.5706, 12.844
549, 0.00000, 23.6316, 6.93973
549, 900.00000, 8.09666, 3.19786
549, 1800.00000, -2.03816, 0.845318
549, 2700.00000, -2.7209, 0.569429
550, 0.00000, -10.9606, -1.32487
550, 900.00000, -19.8636, -3.28248
550, 1800.00000, -12.1282, -1.55411
550, 2700.00000, -19.4389, -3.15768
551, 0.00000, -26.952, -4.79603
551, 900.00000, -23.0834, -3.85265
551, 1800.00000, -25.5312, -4.37643
551, 2700.00000, -33.8077, -6.17937
552, 0.00000, -36.6773, -6.79934
552, 900.00000, -45.1061, -8.59022
552, 1800.00000, -45.4338, -8.64856
552, 2700.00000, -48.0209, -9.17903
553, 0.00000, -51.4115, -9.88795
553, 900.00000, -49.3378, -9.43378
553, 1800.00000, -49.6191, -9.48766
553, 2700.00000, -50.8757, -9.75235
554, 0.00000, -54.5521, -10.5161
554, 900.00000, -51.2648, -9.81755
554, 1800.00000, -50.2496, -9.59403
554, 2700.00000, -55.3735, -10.6718
555, 0.00000, -50.2662, -9.59303
555, 900.00000, -56.288, -10.8512
555, 1800.00000, -56.8451, -10.9116
555, 2700.00000, -60.551, -11.686
556, 0.00000, -56.6184, -10.8696
556, 900.00000, -50.9173, -9.65232
556, 1800.00000, -57.4066, -11.0292
556, 2700.00000, -58.292, -11.1853
557, 0.00000, -44.7144, -8.23904
557, 900.00000, -47.6613, -8.88335
557, 1800.00000, -53.003, -9.95659
557, 2700.00000, -26.7008, -4.18116
558, 0.00000, -0.933547, 2.26614
558, 900.00000, 33.1455, 11.086
558, 1800.00000, 72.5265, 22.496
558, 2700.00000, 83.9315, 26.4122
559, 0.00000, 83.5581, 25.8336
559, 900.00000, 99.3574, 31.069
559, 1800.00000, 114.382, 35.1407
559, 2700.00000, 114.63, 35.1281
560, 0.00000, 118.399, 33.8867
560, 900.00000, 118.688, 33.7952
560, 1800.00000, 171.593, 48.8438
560, 2700.00000, 219.653, 63.1316
561, 0.00000, 296.418, 89.0283
561, 900.00000, 294.568, 89.7506
561, 1800.00000, 366.639, 117.214
561, 2700.00000, 382.678, 122.884
562, 0.00000, 359.475, 113.201
562, 900.00000, 329.764, 102.863
562, 1800.00000, 315.322, 98.4893
562, 2700.00000, 274.821, 85.8721
563, 0.00000, 303.252, 95.1058
563, 900.00000, 285.832, 88.3296
563, 1800.00000, 280.865, 85.2671
563, 2700.00000, 280.562, 85.6699
564, 0.00000, 276.725, 85.4016
564, 900.00000, 252.409, 76.1794
564, 1800.00000, 264.94, 80.6064
564, 2700.00000, 274.217, 83.8063
565, 0.00000, 242.755, 73.137
565, 900.00000, 248.222, 74.1344
565, 1800.00000, 269.598, 80.8472
565, 2700.00000, 253.422, 75.8429
566, 0.00000, 245.108, 73.5966
566, 900.00000, 265.962, 81.7809
566, 1800.00000, 276.671, 84.8346
566, 2700.00000, 246.411, 73.7432
567, 0.00000, 229.128, 68.5685
567, 900.00000, 212.356, 63.1623
567, 1800.00000, 249.192, 74.2753
567, 2700.00000, 222.423, 66.0039
568, 0.00000, 203.792, 61.0024
568, 900.00000, 214.472, 65.1472
568, 1800.00000, 202.432, 60.3023
568, 2700.00000, 207.122, 61.3687
569, 0.00000, 227.787, 68.4382
569, 900.00000, 252.594, 75.974
569, 1800.00000, 235.49, 70.1712
569, 2700.00000, 216.151, 63.6499
570, 0.00000, 207.54, 61.2188
570, 900.00000, 228.93, 67.4762
570, 1800.00000, 233.898, 68.318
570, 2700.00000, 247.936, 73.8483
571, 0.00000, 237.562, 70.3311
571, 900.00000, 210.035, 60.3707
571, 1800.00000, 186.023, 52.1911
571, 2700.00000, 164.026, 45.1137
572, 0.00000, 155.053, 42.7753
572, 900.00000, 141.683, 38.5083
572, 1800.00000, 74.5524, 19.6052
572, 2700.00000, -3.36665, 0.4998
573, 0.00000, -10.0173, -0.832299
573, 900.00000, -27.8556, -4.79216
573, 1800.00000, -33.2063, -5.98204
573, 2700.00000, -33.2419, -6.04873
574, 0.00000, -36.1523, -6.65756
574, 900.00000, -45.3132, -8.63031
574, 1800.00000, -46.3162, -8.86119
574, 2700.00000, -53.579, -10.3763
575, 0.00000, -50.1715, -9.6357
575, 900.00000, -46.6521, -8.95016
575, 1800.00000, -38.1593, -7.26347
575, 2700.00000, -37.774, -7.18008
576, 0.00000, -39.272, -7.46101
576, 900.00000, -44.8984, -8.62946
576, 1800.00000, -47.9129, -9.20975
576, 2700.00000, -47.727, -9.15835
577, 0.00000, -51.5354, -9.87322
577, 900.00000, -52.332, -10.0556
577, 1800.00000, -51.5759, -9.89837
577, 2700.00000, -44.4128, -8.38206
578, 0.00000, -48.1732, -9.1825
578, 900.00000, -51.6833, -9.93044
578, 1800.00000, -53.7892, -10.35
578, 2700.00000, -52.5231, -10.0449
579, 0.00000, -53.0391, -10.1666
579, 900.00000, -52.7432, -10.1341
579, 1800.00000, -52.0513, -9.92779
579, 2700.00000, -39.5085, -7.25184
580, 0.00000, -46.5537, -8.78128
580, 900.00000, -46.3634, -8.73929
580, 1800.00000, 16.4082, 4.17718
580, 2700.00000, 18.8753, 4.70644
581, 0.00000, 19.1062, 4.73909
581, 900.00000, -33.6657, -5.95439
581, 1800.00000, -36.3687, -6.58882
581, 2700.00000, -22.7197, -3.54794
582, 0.00000, 8.47904, 4.04004
582, 900.00000, 47.5437, 14.317
582, 1800.00000, 62.9455, 18.5783
582, 2700.00000, 70.6943, 20.6152
583, 0.00000, 54.6994, 16.0901
583, 900.00000, 71.5643, 21.124
583, 1800.00000, 92.0941, 26.679
583, 2700.00000, 169.13, 43.7749
584, 0.00000, 182.459, 47.5121
584, 900.00000, 210.047, 55.9691
584, 1800.00000, 228.873, 61.3602
584, 2700.00000, 298.757, 81.9366
585, 0.00000, 303.046, 90.6781
585, 900.00000, 285.625, 86.356
585, 1800.00000, 330.809, 102.625
585, 2700.00000, 330.579, 101.644
586, 0.00000, 262.384, 77.0802
586, 900.00000, 240.582, 69.7167
586, 1800.00000, 185.597, 53.2673
586, 2700.00000, 178.641, 51.3377
587, 0.00000, 176.162, 50.4187
587, 900.00000, 167.515, 47.6777
587, 1800.00000, 174.285, 49.5796
587, 2700.00000, 145.946, 41.2623
588, 0.00000, 156.085, 43.5035
588, 900.00000, 166.477, 46.5362
588, 1800.00000, 172.475, 47.3247
588, 2700.00000, 174.709, 48.1305
589, 0.00000, 171.731, 47.6566
589, 900.00000, 186.783, 53.0211
589, 1800.00000, 203.164, 57.7563
589, 2700.00000, 231.146, 65.8489
590, 0.00000, 217.871, 62.9109
590, 900.00000, 201.143, 57.9922
590, 1800.00000, 213.711, 61.0615
590, 2700.00000, 228.424, 65.3619
591, 0.00000, 214.43, 59.8744
591, 900.00000, 187.561, 52.8226
591, 1800.00000, 176.035, 49.154
591, 2700.00000, 177.737, 49.5933
592, 0.00000, 174.202, 48.5247
592, 900.00000, 176.309, 48.825
592, 1800.00000, 155.321, 42.7319
592, 2700.00000, 168.364, 46.2989
593, 0.00000, 207.348, 58.7373
593, 900.00000, 209.079, 60.5996
593, 1800.00000, 206.076, 58.8866
593, 2700.00000, 197.557, 55.9959
594, 0.00000, 192.875, 54.7784
594, 900.00000, 202.421, 57.8034
594, 1800.00000, 211.592, 60.1651
594, 2700.00000, 216.222, 61.4907
595, 0.00000, 215.081, 62.6623
595, 900.00000, 189.615, 54.285
595, 1800.00000, 207.05, 61.2674
595, 2700.00000, 227.807, 64.4018
596, 0.00000, 219.972, 61.7846
596, 900.00000, 156.573, 41.68
596, 1800.00000, 91.9775, 22.7665
596, 2700.00000, 35.0662, 8.38768
597, 0.00000, 23.2848, 5.71269
597, 900.00000, 20.7939, 5.15305
597, 1800.00000, 9.71863, 2.69279
597, 2700.00000, 2.65605, 1.14845
598, 0.00000, 1.78827, 0.960933
598, 900.00000, -36.8418, -6.87906
598, 1800.00000, -42.2056, -8.01376
598, 2700.00000, -42.119, -7.97806
599, 0.00000, -48.4562, -9.30841
599, 900.00000, -51.2932, -9.92095
599, 1800.00000, -50.9609, -9.82573
599, 2700.00000, -50.886, -9.81005
600, 0.00000, -49.3456, -9.48893
600, 900.00000, -47.2507, -9.06983
600, 1800.00000, -49.4995, -9.54024
600, 2700.00000, -48.6762, -9.35388
601, 0.00000, -49.4846, -9.52492
601, 900.00000, -52.6167, -10.1735
601, 1800.00000, -52.6456, -10.1534
601, 2700.00000, -52.0162, -10.0239
602, 0.00000, -48.2714, -9.27257
602, 900.00000, -46.0698, -8.81809
602, 1800.00000, -50.6577, -9.77619
602, 2700.00000, -51.1418, -9.86906
603, 0.00000, -50.5806, -9.71757
603, 900.00000, -52.7895, -10.1993
603, 1800.00000, -51.9618, -10.0145
603, 2700.00000, -48.4753, -9.31908
604, 0.00000, -50.7485, -9.78124
604, 900.00000, -48.4297, -9.29338
604, 1800.00000, -52.4287, -10.129
604, 2700.00000, -45.6671, -8.72951
605, 0.00000, -47.9787, -9.17579
605, 900.00000, -55.3065, -10.696
605, 1800.00000, -51.3868, -9.85738
605, 2700.00000, -59.8951, -11.5954
606, 0.00000, -52.8594, -10.1325
606, 900.00000, -54.7117, -10.5224
606, 1800.00000, -57.4157, -11.0474
606, 2700.00000, -56.2725, -10.7797
607, 0.00000, -48.1981, -9.10402
607, 900.00000, -47.8014, -9.00866
607, 1800.00000, -33.6443, -5.86788
607, 2700.00000, -22.8947, -3.38393
608, 0.00000, -15.5258, -1.76513
608, 900.00000, -23.1016, -3.41719
608, 1800.00000, 9.50449, 4.21458
608, 2700.00000, 23.3789, 7.98586
609, 0.00000, 61.6325, 18.7859
609, 900.00000, 136.843, 42.5216
609, 1800.00000, 215.864, 69.5707
609, 2700.00000, 113.607, 34.8877
610, 0.00000, 117.761, 36.3533
610, 900.00000, 99.0348, 30.583
610, 1800.00000, 98.1376, 29.8026
610, 2700.00000, 94.305, 29.0605
611, 0.00000, 77.942, 24.9982
611, 900.00000, 64.1336, 21.0306
611, 1800.00000, 60.3793, 19.9241
611, 2700.00000, 55.9293, 18.6709
612, 0.00000, 37.4411, 13.9499
612, 900.00000, 36.4563, 13.6526
612, 1800.00000, 42.4546, 15.4609
612, 2700.00000, 35.244, 13.8477
613, 0.00000, 38.3772, 14.2736
613, 900.00000, 20.2462, 9.63404
613, 1800.00000, 24.0173, 10.3781
613, 2700.00000, 20.3696, 9.41226
614, 0.00000, 23.5615, 10.5401
614, 900.00000, 42.212, 15.791
614, 1800.00000, 43.7227, 16.2911
614, 2700.00000, 61.138, 21.0838
615, 0.00000, 48.3855, 17.2313
615, 900.00000, 56.8087, 19.9658
615, 1800.00000, 57.6371, 20.0466
615, 2700.00000, 56.0207, 19.5091
616, 0.00000, 69.3409, 23.2725
616, 900.00000, 66.2372, 22.2772
616, 1800.00000, 75.3813, 24.6953
616, 2700.00000, 74.7932, 24.3789
617, 0.00000, 97.9662, 31.1532
617, 900.00000, 99.9856, 31.6344
617, 1800.00000, 108.938, 34.3612
617, 2700.00000, 89.7509, 28.2299
618, 0.00000, 128.907, 40.5082
618, 900.00000, 112.706, 35.3381
618, 1800.00000, 119.551, 37.5017
618, 2700.00000, 114.861, 35.935
619, 0.00000, 117.849, 36.5026
619, 900.00000, 120.756, 37.2113
619, 1800.00000, 101.395, 31.0291
619, 2700.00000, 106.34, 32.3891
620, 0.00000, 84.9854, 26.3678
620, 900.00000, 61.5019, 19.3553
620, 1800.00000, 11.8979, 5.78258
620, 2700.00000, -45.2543, -7.9116
621, 0.00000, -70.5763, -13.3149
621, 900.00000, -73.1016, -13.8538
621, 1800.00000, -73.176, -13.9006
621, 2700.00000, -72.4621, -13.7773
622, 0.00000, -73.1687, -13.9655
622, 900.00000, -74.9445, -14.3392
622, 1800.00000, -76.9553, -14.7571
622, 2700.00000, -75.2521, -14.4448
623, 0.00000, -72.4293, -13.9023
623, 900.00000, -71.447, -13.7175
623, 1800.00000, -72.5512, -13.9624
623, 2700.00000, -40.2629, -7.54429
624, 0.00000, -39.5802, -7.41582
624, 900.00000, -39.3818, -7.38952
624, 1800.00000, -72.2829, -13.9603
624, 2700.00000, -74.5328, -14.414
625, 0.00000, -72.8495, -14.0985
625, 900.00000, -67.2524, -13.0008
625, 1800.00000, -67.2681, -13.0094
625, 2700.00000, -69.0713, -13.3817
626, 0.00000, -66.3501, -12.8511
626, 900.00000, -66.7236, -12.9418
626, 1800.00000, -62.784, -12.1328
626, 2700.00000, -61.9197, -11.9665
627, 0.00000, -64.968, -12.598
627, 900.00000, -60.306, -11.6578
627, 1800.00000, -60.485, -11.6952
627, 2700.00000, -61.8029, -11.9682
628, 0.00000, -55.8727, -10.7438
628, 900.00000, -54.1986, -10.3984
628, 1800.00000, -58.7904, -11.351
628, 2700.00000, -60.8851, -11.7872
629, 0.00000, -63.2103, -12.2326
629, 900.00000, -65.1807, -12.6415
629, 1800.00000, -62.6508, -12.1254
629, 2700.00000, -59.9065, -11.5632
630, 0.00000, -64.786, -12.5842
630, 900.00000, -60.3367, -11.6643
630, 1800.00000, -57.0578, -10.9723
630, 2700.00000, -56.0211, -10.7515
631, 0.00000, -55.7097, -10.6975
631, 900.00000, -51.0987, -9.69776
631, 1800.00000, -40.9937, -7.47354
631, 2700.00000, -32.8079, -5.72373
632, 0.00000, -0.541362, 1.94111
632, 900.00000, 7.94375, 4.0832
632, 1800.00000, 0.330895, 2.37768
632, 2700.00000, 19.8267, 7.47587
633, 0.00000, 107.358, 33.1852
633, 900.00000, 159.225, 51.3802
633, 1800.00000, 195.105, 65.4517
633, 2700.00000, 173.36, 57.5839
634, 0.00000, 138.681, 45.7549
634, 900.00000, 152.729, 51.7299
634, 1800.00000, 147.672, 50.4735
634, 2700.00000, 121.387, 40.9179
635, 0.00000, 118.014, 40.6015
635, 900.00000, 139.677, 47.783
635, 1800.00000, 108.37, 36.4492
635, 2700.00000, 96.4474, 33.439
636, 0.00000, 112.238, 39.0139
636, 900.00000, 113.39, 38.7077
636, 1800.00000, 113.778, 38.6514
636, 2700.00000, 123.303, 40.1776
637, 0.00000, 134.473, 43.2742
637, 900.00000, 134.618, 42.8242
637, 1800.00000, 128.308, 40.5862
637, 2700.00000, 128.885, 40.4367
638, 0.00000, 131.727, 40.6478
638, 900.00000, 121.727, 37.763
638, 1800.00000, 118.217, 36.3548
638, 2700.00000, 126.044, 38.845
639, 0.00000, 114.901, 34.9652
639, 900.00000, 112.586, 34.0542
639, 1800.00000, 112.846, 33.9108
639, 2700.00000, 111.736, 33.2407
640, 0.00000, 118.98, 34.7528
640, 900.00000, 121.475, 36.0389
640, 1800.00000, 122.537, 35.7637
640, 2700.00000, 126.733, 36.703
641, 0.00000, 147.465, 43.6987
641, 900.00000, 145.852, 43.1178
641, 1800.00000, 138.286, 40.1582
641, 2700.00000, 132.756, 38.6772
642, 0.00000, 135.441, 39.2275
642, 900.00000, 134.682, 38.7283
642, 1800.00000, 132.321, 38.1978
642, 2700.00000, 128.582, 36.8674
643, 0.00000, 129.644, 37.1552
643, 900.00000, 126.1, 35.9047
643, 1800.00000, 115.183, 31.8741
643, 2700.00000, 129.21, 36.2603
644, 0.00000, 117.398, 32.32
644, 900.00000, 95.9187, 26.0657
644, 1800.00000, 57.6027, 15.7413
644, 2700.00000, -27.8266, -4.83796
645, 0.00000, -52.046, -9.98094
645, 900.00000, -53.5756, -10.3225
645, 1800.00000, -47.021, -8.9892
645, 2700.00000, -48.7068, -9.33793
646, 0.00000, -45.5484, -8.68146
646, 900.00000, -49.931, -9.60547
646, 1800.00000, -54.5771, -10.5621
646, 2700.00000, -58.9205, -11.4459
647, 0.00000, -57.5686, -11.1663
647, 900.00000, -54.0673, -10.4573
647, 1800.00000, -51.1961, -9.88671
647, 2700.00000, -49.0154, -9.43521
648, 0.00000, -52.2423, -10.0898
648, 900.00000, -48.84, -9.36972
648, 1800.00000, -49.277, -9.47164
648, 2700.00000, -47.1503, -9.02632
649, 0.00000, -42.014, -7.94404
649, 900.00000, -44.5509, -8.52073
649, 1800.00000, -42.8781, -8.18319
649, 2700.00000, -41.8089, -7.94527
650, 0.00000, -43.765, -8.33202
650, 900.00000, -45.0242, -8.60354
650, 1800.00000, -42.6385, -8.10478
650, 2700.00000, -40.6401, -7.68338
651, 0.00000, -43.6752, -8.33312
651, 900.00000, -45.4369, -8.70902
651, 1800.00000, -41.5394, -7.89213
651, 2700.00000, -36.1894, -6.77881
652, 0.00000, -40.5079, -7.68032
652, 900.00000, -36.6996, -6.87518
652, 1800.00000, -40.8675, -7.7595
652, 2700.00000, -33.4636, -6.18147
653, 0.00000, -29.2807, -5.28899
653, 900.00000, -28.856, -5.19081
653, 1800.00000, -18.0583, -2.85121
653, 2700.00000, -12.3171, -1.46073
654, 0.00000, 19.4206, 6.39138
654, 900.00000, 52.8415, 15.3743
654, 1800.00000, 76.6644, 21.6447
654, 2700.00000, 96.0708, 27.9404
655, 0.00000, 119.816, 34.7292
655, 900.00000, 126.804, 36.8029
655, 1800.00000, 128.375, 36.4734
655, 2700.00000, 118.018, 32.8824
656, 0.00000, 182.422, 51.8936
656, 900.00000, 206.54, 57.1618
656, 1800.00000, 316.647, 92.3105
656, 2700.00000, 374.706, 112.776
657, 0.00000, 368.605, 111.053
657, 900.00000, 385.46, 119.462
657, 1800.00000, 435.345, 141.75
657, 2700.00000, 426.223, 137.812
658, 0.00000, 493.465, 166.746
658, 900.00000, 431.711, 141.547
658, 1800.00000, 378.269, 122.851
658, 2700.00000, 421.892, 141.082
659, 0.00000, 435.621, 146.192
659, 900.00000, 392.078, 125.145
659, 1800.00000, 426.574, 137.363
659, 2700.00000, 396.676, 128.882
660, 0.00000, 393.805, 127.253
660, 900.00000, 400.461, 128.388
660, 1800.00000, 346.33, 106.536
660, 2700.00000, 333.853, 101.597
661, 0.00000, 324.541, 97.7916
661, 900.00000, 314.003, 94.1105
661, 1800.00000, 289.978, 85.021
661, 2700.00000, 269.119, 77.9023
662, 0.00000, 257.371, 73.8439
662, 900.00000, 245.609, 69.272
662, 1800.00000, 252.443, 70.9543
662, 2700.00000, 243.566, 68.3711
663, 0.00000, 231.607, 64.6913
663, 900.00000, 236.89, 66.2354
663, 1800.00000, 253.786, 71.5148
663, 2700.00000, 254.216, 72.0161
664, 0.00000, 218.76, 62.2676
664, 900.00000, 230.738, 65.222
664, 1800.00000, 237.589, 68.0564
664, 2700.00000, 246.094, 71.0924
665, 0.00000, 261.098, 76.8928
665, 900.00000, 266.141, 78.4447
665, 1800.00000, 258.633, 75.7012
665, 2700.00000, 272.502, 82.0005
666, 0.00000, 281.651, 85.5986
666, 900.00000, 277.401, 84.0829
666, 1800.00000, 272.104, 82.2338
666, 2700.00000, 260.167, 77.0531
667, 0.00000, 266.762, 80.7168
667, 900.00000, 239.019, 71.5131
667, 1800.00000, 191.107, 55.0405
667, 2700.00000, 209.591, 61.6178
668, 0.00000, 168.308, 48.7459
668, 900.00000, 128.098, 36.4644
668, 1800.00000, 78.025, 21.2598
668, 2700.00000, 11.269, 4.24943
669, 0.00000, -15.0145, -1.72151
669, 900.00000, -35.7074, -6.30742
669, 1800.00000, -20.2864, -2.84883
669, 2700.00000, -40.0621, -7.32304
670, 0.00000, -35.9663, -6.42099
670, 900.00000, -33.4447, -5.84162
670, 1800.00000, -34.0374, -5.96618
670, 2700.00000, -42.3254, -7.77621
671, 0.00000, -46.9666, -8.77668
671, 900.00000, -46.0033, -8.58175
671, 1800.00000, -56.4633, -10.7998
671, 2700.00000, -54.7905, -10.4276
672, 0.00000, -59.1632, -11.3258
672, 900.00000, -76.8157, -14.9342
672, 1800.00000, -83.0948, -16.123
672, 2700.00000, -80.5504, -15.6484
673, 0.00000, -73.8719, -14.3434
673, 900.00000, -68.649, -13.2862
673, 1800.00000, -70.5592, -13.7148
673, 2700.00000, -58.8469, -11.2872
674, 0.00000, -60.82, -11.7495
674, 900.00000, -61.3174, -11.869
674, 1800.00000, -55.6157, -10.6961
674, 2700.00000, -56.3448, -10.8496
675, 0.00000, -53.8856, -10.3536
675, 900.00000, -56.7606, -10.9564
675, 1800.00000, -54.9641, -10.5899
675, 2700.00000, -52.1488, -9.99653
676, 0.00000, -55.7071, -10.7286
676, 900.00000, -49.8827, -9.52534
676, 1800.00000, -50.0129, -9.55191
676, 2700.00000, -47.0858, -8.9585
677, 0.00000, -41.723, -7.80629
677, 900.00000, -38.2967, -7.06927
677, 1800.00000, -29.0247, -5.01777
677, 2700.00000, -17.2394, -2.31936
678, 0.00000, 26.338, 8.43031
678, 900.00000, 47.8819, 14.5746
678, 1800.00000, 65.8339, 19.4312
678, 2700.00000, 83.1222, 24.4703
679, 0.00000, 123.101, 37.2429
679, 900.00000, 112.907, 34.0126
679, 1800.00000, 133.611, 40.1513
679, 2700.00000, 127.842, 38.8787
680, 0.00000, 107.539, 32.1306
680, 900.00000, 134.097, 40.3487
680, 1800.00000, 158.098, 45.9267
680, 2700.00000, 170.121, 46.7043
681, 0.00000, 208.879, 57.2867
681, 900.00000, 198.616, 53.4102
681, 1800.00000, 255.909, 71.4161
681, 2700.00000, 246.728, 68.5882
682, 0.00000, 207.672, 56.8002
682, 900.00000, 233.385, 65.0204
682, 1800.00000, 208.771, 57.9511
682, 2700.00000, 198.459, 55.0806
683, 0.00000, 188.177, 52.1296
683, 900.00000, 176.93, 48.9132
683, 1800.00000, 179.145, 49.4671
683, 2700.00000, 174.071, 47.3469
684, 0.00000, 176.194, 47.6107
684, 900.00000, 162.857, 43.7135
684, 1800.00000, 175.701, 47.1414
684, 2700.00000, 186.972, 50.4004
685, 0.00000, 161.216, 43.7099
685, 900.00000, 163.67, 44.4692
685, 1800.00000, 169.122, 45.7023
685, 2700.00000, 167.989, 45.2881
686, 0.00000, 126.085, 34.5313
686, 900.00000, 152.002, 41.4872
686, 1800.00000, 161.356, 43.2393
686, 2700.00000, 149.872, 40.7348
687, 0.00000, 174.383, 47.3458
687, 900.00000, 176.573, 48.8699
687, 1800.00000, 170.252, 47.1372
687, 2700.00000, 174.124, 48.5774
688, 0.00000, 145.826, 41.6364
688, 900.00000, 146.951, 41.8512
688, 1800.00000, 146.739, 41.9939
688, 2700.00000, 152.021, 44.0273
689, 0.00000, 151.967, 44.2599
689, 900.00000, 164.143, 47.9676
689, 1800.00000, 165.104, 47.8018
689, 2700.00000, 162.968, 47.2123
690, 0.00000, 157.938, 45.8178
690, 900.00000, 160.461, 46.0519
690, 1800.00000, 153.928, 43.5794
690, 2700.00000, 155.304, 43.9512
691, 0.00000, 152.271, 43.1584
691, 900.00000, 147.488, 41.8013
691, 1800.00000, 119.281, 33.5144
691, 2700.00000, 106.584, 30.2374
692, 0.00000, 92.7388, 26.6109
692, 900.00000, 92.4447, 26.0363
692, 1800.00000, 24.1742, 8.04365
692, 2700.00000, -26.5411, -4.18109
693, 0.00000, -38.803, -6.86027
693, 900.00000, -30.6487, -4.88611
693, 1800.00000, -47.571, -8.78175
693, 2700.00000, -42.2363, -7.61669
694, 0.00000, -38.3938, -6.75056
694, 900.00000, -55.346, -10.4958
694, 1800.00000, -57.7841, -11.0329
694, 2700.00000, -64.0762, -12.3573
695, 0.00000, -71.7586, -13.9623
695, 900.00000, -65.542, -12.6675
695, 1800.00000, -63.2009, -12.217
695, 2700.00000, -67.3528, -13.0963
696, 0.00000, -70.0808, -13.6352
696, 900.00000, -68.233, -13.2511
696, 1800.00000, -70.7422, -13.766
696, 2700.00000, -67.1986, -13.0287
697, 0.00000, -81.6393, -15.9307
697, 900.00000, -101.119, -19.7605
697, 1800.00000, -100.158, -19.5786
697, 2700.00000, -96.6128, -18.8642
698, 0.00000, -95.2656, -18.5941
698, 900.00000, -90.2282, -17.5825
698, 1800.00000, -90.3185, -17.5785
698, 2700.00000, -97.975, -19.1418
699, 0.00000, -101.184, -19.7742
699, 900.00000, -101.458, -19.8253
699, 1800.00000, -101.636, -19.8323
699, 2700.00000, -105.894, -20.6942
700, 0.00000, -102.721, -20.0345
700, 900.00000, -92.4149, -17.9359
700, 1800.00000, -96.419, -18.7895
700, 2700.00000, -95.3976, -18.5846
701, 0.00000, -84.9534, -16.4021
701, 900.00000, -81.0185, -15.5138
701, 1800.00000, -82.9576, -15.8755
701, 2700.00000, -64.4079, -11.7377
702, 0.00000, -4.71293, 3.33703
702, 900.00000, 6.31962, 6.35801
702, 1800.00000, 30.7637, 13.0324
702, 2700.00000, 74.5, 26.3741
703, 0.00000, 61.8696, 22.1303
703, 900.00000, 75.8038, 26.1681
703, 1800.00000, 69.666, 24.3536
703, 2700.00000, 85.5017, 29.7451
704, 0.00000, 107.187, 37.582
704, 900.00000, 114.573, 39.4482
704, 1800.00000, 184.593, 59.2647
704, 2700.00000, 224.223, 64.9525
705, 0.00000, 292.571, 84.4481
705, 900.00000, 261.023, 75.7519
705, 1800.00000, 293.871, 89.3854
705, 2700.00000, 206.427, 64.9622
706, 0.00000, 193.136, 60.4717
706, 900.00000, 180.784, 57.4404
706, 1800.00000, 171.875, 53.7121
706, 2700.00000, 149.376, 49.2246
707, 0.00000, 125.571, 41.7429
707, 900.00000, 129.463, 42.7666
707, 1800.00000, 132.635, 42.7406
707, 2700.00000, 146.633, 46.7557
708, 0.00000, 148.744, 46.2168
708, 900.00000, 120.225, 37.1033
708, 1800.00000, 90.4526, 29.3856
708, 2700.00000, 117.162, 36.7203
709, 0.00000, 123.09, 38.4617
709, 900.00000, 110.525, 34.6796
709, 1800.00000, 99.273, 32.1065
709, 2700.00000, 90.9709, 29.8615
710, 0.00000, 70.6742, 25.0621
710, 900.00000, 42.291, 17.3187
710, 1800.00000, 40.0176, 16.9343
710, 2700.00000, 61.2745, 22.5385
711, 0.00000, 79.1759, 26.57
711, 900.00000, 75.6533, 25.3948
711, 1800.00000, 82.2792, 26.802
711, 2700.00000, 90.0985, 28.6371
712, 0.00000, 66.3806, 22.08
712, 900.00000, 147.356, 40.8769
712, 1800.00000, 149.542, 40.4408
712, 2700.00000, 103.979, 31.7193
713, 0.00000, 99.2576, 31.2137
713, 900.00000, 85.5253, 27.4212
713, 1800.00000, 111.85, 34.0037
713, 2700.00000, 87.7377, 28.1214
714, 0.00000, 85.579, 27.8876
714, 900.00000, 98.9526, 32.1203
714, 1800.00000, 107.966, 34.7162
714, 2700.00000, 107.558, 34.2742
715, 0.00000, 115.54, 36.4849
715, 900.00000, 108.986, 34.9338
715, 1800.00000, 94.8705, 30.6386
715, 2700.00000, 70.2321, 24.2636
716, 0.00000, 40.6196, 15.5342
716, 900.00000, 51.283, 18.123
716, 1800.00000, -5.14798, 2.76653
716, 2700.00000, -83.3872, -15.6064
717, 0.00000, -98.7148, -18.8656
717, 900.00000, -82.6954, -15.1646
717, 1800.00000, -100.187, -19.1828
717, 2700.00000, -102.428, -19.6663
718, 0.00000, -108.522, -20.9628
718, 900.00000, -116.354, -22.5958
718, 1800.00000, -119.252, -23.25
718, 2700.00000, -120.191, -23.4585
719, 0.00000, -121.812, -23.7726
719, 900.00000, -116.656, -22.7551
719, 1800.00000, -117.506, -22.9126
719, 2700.00000, -121.377, -23.6881
720, 0.00000, -118.875, -23.1785
