Date;0;1;2;3;4;5;6;7;8;9;10;11;12;13;14;15;16;17;18;19;20;21;22;23
2018-1-1;0.0;0.0;0.0;0.0;0.0;0.0;0.0;0.0;0.2625;2.9088;0.528;0.0;0.0;0.0237;0.0;0.0;0.0;0.0;0.0;0.0;0.0;0.0;0.0;0.0
2018-1-2;0.0;0.0;0.0;0.0;0.0;0.0;0.0;0.0648;0.012;4.2054;0.0;0.0;0.0;0.0;0.0;0.0;0.0;0.0;0.0;0.0;0.0;0.0;0.0;0.0
2018-1-3;0.0;0.0;0.0;0.0;0.0;0.0;0.0;0.0;1.5999;14.4024;13.4421;12.0891;12.4935;3.2883;1.1604;0.0;0.0;0.0;0.0;0.0;0.0;0.0;0.0;0.0
2018-1-4;0.0;0.0;0.0;0.0;0.0;0.0;0.0;0.0;0.0;0.9303;0.0;0.0;0.0;3.9171;0.0543;0.0;0.0;0.0;0.0;0.0;0.0;0.0;0.0;0.0
2018-1-5;0.0;0.0;0.0;0.0;0.0;0.0;0.0;0.0;0.3321;0.7512;0.0;0.0;0.0;0.0;2.3922;0.0;0.0;0.0;0.0;0.0;0.0;0.0;0.0;0.0
2018-1-6;0.0;0.0;0.0;0.0;0.0;0.0;0.0;0.0;0.3996;0.51;0.0;2.1351;6.3918;6.0969;1.5996;0.0;0.0;0.0;0.0;0.0;0.0;0.0;0.0;0.0
2018-1-7;0.0;0.0;0.0;0.0;0.0;0.0;0.0;0.0;0.3945;1.419;0.0;0.0;0.0;0.0;0.0;0.0;0.0;0.0;0.0;0.0;0.0;0.0;0.0;0.0
2018-1-8;0.0;0.0;0.0;0.0;0.0;0.0;0.0;0.0;0.3195;6.4134;15.5106;12.0423;7.9548;7.4505;1.1001;0.0;0.0;0.0;0.0;0.0;0.0;0.0;0.0;0.0
2018-1-9;0.0;0.0;0.0;0.0;0.0;0.0;0.0;0.0;2.2017;5.3622;0.8688;0.7782;0.6048;0.327;0.06;0.0;0.0;0.0;0.0;0.0;0.0;0.0;0.0;0.0
2018-1-10;0.0;0.0;0.0;0.0;0.0;0.0;0.0;0.1188;1.9347;8.3274;2.8374;8.6589;11.6064;7.3005;1.6206;0.0;0.0;0.0;0.0;0.0;0.0;0.0;0.0;0.0
2018-1-11;0.0;0.0;0.0;0.0;0.0;0.0;0.0;1.0095;5.9904;8.9805;3.5568;1.1736;1.7322;0.7236;0.2931;0.0;0.0;0.0;0.0;0.0;0.0;0.0;0.0;0.0
2018-1-12;0.0;0.0;0.0;0.0;0.0;0.0;0.0;0.3813;3.9891;6.0021;3.1296;1.077;1.3044;0.8094;0.18;0.0;0.0;0.0;0.0;0.0;0.0;0.0;0.0;0.0
2018-1-13;0.0;0.0;0.0;0.0;0.0;0.0;0.0;1.074;3.7599;7.365;10.0077;4.8513;1.1742;0.4008;0.0588;0.0;0.0;0.0;0.0;0.0;0.0;0.0;0.0;0.0
2018-1-14;0.0;0.0;0.0;0.0;0.0;0.0;0.0;1.0362;5.7501;10.4922;8.94;3.6702;1.3638;4.3665;2.9823;0.0;0.0;0.0;0.0;0.0;0.0;0.0;0.0;0.0
2018-1-15;0.0;0.0;0.0;0.0;0.0;0.0;0.0;0.4434;3.0825;6.6459;7.1427;8.6988;5.0088;6.1437;2.8110000000000004;0.0;0.0;0.0;0.0;0.0;0.0;0.0;0.0;0.0
2018-1-16;0.0;0.0;0.0;0.0;0.0;0.0;0.0;0.1542;0.7908;1.7433;1.7256;0.8759999999999999;0.7422;0.4494;0.0903;0.0;0.0;0.0;0.0;0.0;0.0;0.0;0.0;0.0
2018-1-17;0.0;0.0;0.0;0.0;0.0;0.0;0.0;0.9663;5.9259;11.412;10.6446;10.5384;6.3282;2.1975;1.1205;0.0;0.0;0.0;0.0;0.0;0.0;0.0;0.0;0.0
2018-1-18;0.0;0.0;0.0;0.0;0.0;0.0;0.0;1.0077;4.6476;7.317;4.4457;3.7449;7.0908;3.7845;3.8931;0.0;0.0;0.0;0.0;0.0;0.0;0.0;0.0;0.0
2018-1-19;0.0;0.0;0.0;0.0;0.0;0.0;0.0;0.5781;3.8819999999999997;8.1873;9.0834;7.9248;2.1948;1.5984;0.84;0.0;0.0;0.0;0.0;0.0;0.0;0.0;0.0;0.0
2018-1-20;0.0;0.0;0.0;0.0;0.0;0.0;0.0;0.4974;3.4686;4.9296;2.2062;5.4405;2.0406;1.9409999999999998;0.7473;0.0;0.0;0.0;0.0;0.0;0.0;0.0;0.0;0.0
2018-1-21;0.0;0.0;0.0;0.0;0.0;0.0;0.0;1.5855;5.4411;9.8517;7.9257;4.2366;3.4314;2.8614;1.4889;0.0;0.0;0.0;0.0;0.0;0.0;0.0;0.0;0.0
2018-1-22;0.0;0.0;0.0;0.0;0.0;0.0;0.0;1.5342;6.7764;12.2559;10.9677;10.1436;9.7302;7.0062;3.5685;0.0;0.0;0.0;0.0;0.0;0.0;0.0;0.0;0.0
2018-1-23;0.0;0.0;0.0;0.0;0.0;0.0;0.0;1.8186;6.9969;12.6537;9.5067;6.2226;8.3658;2.9355;0.1572;0.0;0.0;0.0;0.0;0.0;0.0;0.0;0.0;0.0
2018-1-24;0.0;0.0;0.0;0.0;0.0;0.0;0.0;0.0828;2.9064;1.7544;1.7022;1.7946;1.6944;1.7478;1.8498;0.0;0.0;0.0;0.0;0.0;0.0;0.0;0.0;0.0
2018-1-25;0.0;0.0;0.0;0.0;0.0;0.0;0.0;0.5673;0.6162;4.388999999999999;1.0992;1.7112;1.0914;0.6924;0.5664;0.0;0.0;0.0;0.0;0.0;0.0;0.0;0.0;0.0
2018-1-26;0.0;0.0;0.0;0.0;0.0;0.0;0.0;0.0;0.9048;1.3074;5.2431;3.9612;5.9325;8.1816;4.5087;0.0;0.0;0.0;0.0;0.0;0.0;0.0;0.0;0.0
2018-1-27;0.0;0.0;0.0;0.0;0.0;0.0;0.0;0.6198;0.3636;10.0497;16.2819;2.8452;3.486;3.0162;4.4364;0.0;0.0;0.0;0.0;0.0;0.0;0.0;0.0;0.0
2018-1-28;0.0;0.0;0.0;0.0;0.0;0.0;0.0;0.9261;0.36;5.6433;3.5892;5.7684;0.8706;0.9606;0.35100000000000003;0.0;0.0;0.0;0.0;0.0;0.0;0.0;0.0;0.0
2018-1-29;0.0;0.0;0.0;0.0;0.0;0.0;0.0;0.3537;7.7901;14.0133;1.632;7.8612;13.227;5.1903;3.3468;0.0;0.0;0.0;0.0;0.0;0.0;0.0;0.0;0.0
2018-1-30;0.0;0.0;0.0;0.0;0.0;0.0;0.0;0.1521;1.275;14.6289;18.0702;18.410999999999998;17.1225;12.1695;6.4119;0.0;0.0;0.0;0.0;0.0;0.0;0.0;0.0;0.0
2018-1-31;0.0;0.0;0.0;0.0;0.0;0.0;0.0;0.21600000000000003;3.0989999999999998;13.1016;10.0068;14.5629;16.2321;12.2232;2.9010000000000002;0.0;0.0;0.0;0.0;0.0;0.0;0.0;0.0;0.0
2018-2-1;0.0;0.0;0.0;0.0;0.0;0.0;0.0;1.0662;3.8382;4.9446;2.4948;2.6886;2.4852;3.8412;2.1819;0.0;0.0;0.0;0.0;0.0;0.0;0.0;0.0;0.0
2018-2-2;0.0;0.0;0.0;0.0;0.0;0.0;0.0;1.1022;2.3904;7.0569;8.7201;6.7944;8.2842;4.7124;1.9806;0.3324;0.0;0.0;0.0;0.0;0.0;0.0;0.0;0.0
2018-2-3;0.0;0.0;0.0;0.0;0.0;0.0;0.0;0.39299999999999996;2.6346;4.9188;8.0829;6.3846;5.0892;1.8156;1.0734;0.0867;0.0;0.0;0.0;0.0;0.0;0.0;0.0;0.0
2018-2-4;0.0;0.0;0.0;0.0;0.0;0.0;0.0;1.8119999999999998;5.8602;14.0058;2.5998;2.6916;4.332;2.4828;5.5605;0.2166;0.0;0.0;0.0;0.0;0.0;0.0;0.0;0.0
2018-2-5;0.0;0.0;0.0;0.0;0.0;0.0;0.0;1.761;4.4781;5.8881;4.8822;5.667000000000001;5.1282;8.0565;1.8906;0.1179;0.0;0.0;0.0;0.0;0.0;0.0;0.0;0.0
2018-2-6;0.0;0.0;0.0;0.0;0.0;0.0;0.0;1.8915;6.8076;10.6341;10.0029;13.3611;17.1543;13.4592;6.6447;1.5273;0.0;0.0;0.0;0.0;0.0;0.0;0.0;0.0
2018-2-7;0.0;0.0;0.0;0.0;0.0;0.0;0.0;3.7038;8.1324;16.191;19.5441;18.7245;16.7511;11.2941;7.9698;1.5135;0.0;0.0;0.0;0.0;0.0;0.0;0.0;0.0
2018-2-8;0.0;0.0;0.0;0.0;0.0;0.0;0.0;1.9275;3.0042;5.5635;8.1813;2.1972;1.8558;10.1583;4.5756;0.8595;0.0;0.0;0.0;0.0;0.0;0.0;0.0;0.0
2018-2-9;0.0;0.0;0.0;0.0;0.0;0.0;0.0;3.8673;7.2261;13.9794;10.452;15.81;18.1116;13.8132;7.8456;2.3664;0.0;0.0;0.0;0.0;0.0;0.0;0.0;0.0
2018-2-10;0.0;0.0;0.0;0.0;0.0;0.0;0.0;3.4374;3.9522;2.1114;1.8306;3.2466;2.0478;2.1486;4.3692;0.3648;0.0;0.0;0.0;0.0;0.0;0.0;0.0;0.0
2018-2-11;0.0;0.0;0.0;0.0;0.0;0.0;0.0;1.0002;3.1032;2.8422;2.8362;5.0616;3.1806;5.4138;4.2765;1.521;0.0;0.0;0.0;0.0;0.0;0.0;0.0;0.0
2018-2-12;0.0;0.0;0.0;0.0;0.0;0.0;0.0;3.7614;10.1706;9.1599;11.0085;8.3103;10.8756;7.2069;2.9244;0.1818;0.0;0.0;0.0;0.0;0.0;0.0;0.0;0.0
2018-2-13;0.0;0.0;0.0;0.0;0.0;0.0;0.0;1.3182;5.0325;3.0894;4.6356;9.5604;2.5254;0.9012;1.7316;0.249;0.0;0.0;0.0;0.0;0.0;0.0;0.0;0.0
2018-2-14;0.0;0.0;0.0;0.0;0.0;0.0;0.0;4.1367;9.7902;17.85;21.8211;22.9791;21.1509;16.4466;9.4323;1.2471;0.0;0.0;0.0;0.0;0.0;0.0;0.0;0.0
2018-2-15;0.0;0.0;0.0;0.0;0.0;0.0;0.0;0.5148;1.6242;2.6892;4.458;7.5045;1.8522;3.6876;1.6638;1.7445;0.0;0.0;0.0;0.0;0.0;0.0;0.0;0.0
2018-2-16;0.0;0.0;0.0;0.0;0.0;0.0;0.0;3.285;0.6858;1.3554;1.4909999999999999;1.4388;2.694;2.1042;1.2972;0.8892;0.0;0.0;0.0;0.0;0.0;0.0;0.0;0.0
2018-2-17;0.0;0.0;0.0;0.0;0.0;0.0;0.0;2.8080000000000003;6.5376;2.8686;15.981;20.3118;9.3531;3.1662;1.6536;0.084;0.0;0.0;0.0;0.0;0.0;0.0;0.0;0.0
2018-2-18;0.0;0.0;0.0;0.0;0.0;0.0;0.0;3.4098;9.1377;8.1996;2.7138;3.7584;4.665;5.3268;1.8858;1.0071;0.0;0.0;0.0;0.0;0.0;0.0;0.0;0.0
2018-2-19;0.0;0.0;0.0;0.0;0.0;0.0;0.0;0.2496;4.383;5.1246;4.1508;6.309;4.6416;4.2858;4.2303;1.0422;0.0;0.0;0.0;0.0;0.0;0.0;0.0;0.0
2018-2-20;0.0;0.0;0.0;0.0;0.0;0.0;0.0;0.3318;3.3834;9.0345;8.3853;15.3666;16.0356;11.7123;10.4754;4.1952;0.0;0.0;0.0;0.0;0.0;0.0;0.0;0.0
2018-2-21;0.0;0.0;0.0;0.0;0.0;0.0;0.0858;1.2036;2.2446;5.9652;5.0184;2.8704;1.4172;4.9866;3.7965;3.1113;0.0;0.0;0.0;0.0;0.0;0.0;0.0;0.0
2018-2-22;0.0;0.0;0.0;0.0;0.0;0.0;0.3789;6.6852;12.33;19.7994;24.0075;22.1646;15.0096;12.8352;11.9367;3.6195;0.0;0.0;0.0;0.0;0.0;0.0;0.0;0.0
2018-2-23;0.0;0.0;0.0;0.0;0.0;0.0;0.8577;1.5468;2.1588;2.2998;3.0839999999999996;4.2882;4.1382;2.7438;2.55;1.5438;0.0;0.0;0.0;0.0;0.0;0.0;0.0;0.0
2018-2-24;0.0;0.0;0.0;0.0;0.0;0.0;0.45899999999999996;3.9105;5.3283;5.154;7.1004;12.6417;10.2777;16.5888;12.3957;5.8671;0.0;0.0;0.0;0.0;0.0;0.0;0.0;0.0
2018-2-25;0.0;0.0;0.0;0.0;0.0;0.0;0.9342;6.3756;8.2752;12.9843;9.1071;7.659;7.062;2.6802;1.6002;0.7326;0.0;0.0;0.0;0.0;0.0;0.0;0.0;0.0
2018-2-26;0.0;0.0;0.0;0.0;0.0;0.0;1.1457;7.8312;14.5293;18.5037;19.8204;12.3417;18.9654;18.2754;11.5614;4.9014;0.0;0.0;0.0;0.0;0.0;0.0;0.0;0.0
2018-2-27;0.0;0.0;0.0;0.0;0.0;0.0;2.1315;8.972999999999999;16.3161;22.2459;25.0137;25.8006;11.7006;16.1676;7.098;3.6618;0.0;0.0;0.0;0.0;0.0;0.0;0.0;0.0
2018-2-28;0.0;0.0;0.0;0.0;0.0;0.0;0.2901;4.8606;7.767;9.9333;9.4299;11.6631;11.7369;8.8575;4.3014;2.5872;0.0;0.0;0.0;0.0;0.0;0.0;0.0;0.0
2018-3-1;0.0;0.0;0.0;0.0;0.0;0.0;0.0;0.43799999999999994;1.3092;2.3742;4.4712;3.0294;1.6422;1.2708;1.5132;0.915;0.0;0.0;0.0;0.0;0.0;0.0;0.0;0.0
2018-3-2;0.0;0.0;0.0;0.0;0.0;0.0;0.2973;0.9216;8.7636;11.1267;7.5249;3.6276;5.4852;2.5014;5.1048;3.4893;0.0;0.0;0.0;0.0;0.0;0.0;0.0;0.0
2018-3-3;0.0;0.0;0.0;0.0;0.0;0.0;0.4002;0.7722;1.5462;3.1218;2.3604;3.4536;2.2944;3.138;2.0994;0.6762;0.0;0.0;0.0;0.0;0.0;0.0;0.0;0.0
2018-3-4;0.0;0.0;0.0;0.0;0.0;0.0;0.2517;1.6422;2.5152;2.3568;2.004;2.2854;1.6992;2.4738;1.2852;1.9452;0.1452;0.0;0.0;0.0;0.0;0.0;0.0;0.0
2018-3-5;0.0;0.0;0.0;0.0;0.0;0.0;1.3362;2.2272;8.9793;9.3951;10.3017;18.7941;20.3379;15.7122;9.6513;4.6449;0.2022;0.0;0.0;0.0;0.0;0.0;0.0;0.0
2018-3-6;0.0;0.0;0.0;0.0;0.0;0.0;0.1155;1.2048;2.2917;2.634;2.088;4.4874;1.7418;1.6482;1.9326;4.7796;0.2604;0.0;0.0;0.0;0.0;0.0;0.0;0.0
2018-3-7;0.0;0.0;0.0;0.0;0.0;0.0;1.5609;3.4139999999999997;9.6246;11.1474;7.6944;3.0726;5.598;2.5194;3.7158;0.5874;0.1452;0.0;0.0;0.0;0.0;0.0;0.0;0.0
2018-3-8;0.0;0.0;0.0;0.0;0.0;0.0;0.7251;6.1167;4.4844;9.6045;7.9632;8.394;3.6108;2.0874;2.142;1.9554;0.0;0.0;0.0;0.0;0.0;0.0;0.0;0.0
2018-3-9;0.0;0.0;0.0;0.0;0.0;0.0;0.9993;6.7923;4.7226;6.6744;4.4604;7.776;3.645;3.0954;2.2614;3.2739;0.6252;0.0;0.0;0.0;0.0;0.0;0.0;0.0
2018-3-10;0.0;0.0;0.0;0.0;0.0;0.0;2.1105;5.3781;5.9565;6.4266;4.7412;3.3480000000000003;1.8204;1.6344;0.9576;0.621;0.0;0.0;0.0;0.0;0.0;0.0;0.0;0.0
2018-3-11;0.0;0.0;0.0;0.0;0.0;0.0;0.1164;4.215;1.1976;5.2734;2.1294;2.0274;2.3598;1.5030000000000001;1.7369999999999999;0.5826;0.5379;0.0;0.0;0.0;0.0;0.0;0.0;0.0
2018-3-12;0.0;0.0;0.0;0.0;0.0;0.0;0.8946;1.2048;2.148;3.4866;2.4798;2.0358;1.8876;1.5102;1.2342;0.8358;0.2436;0.0;0.0;0.0;0.0;0.0;0.0;0.0
2018-3-13;0.0;0.0;0.0;0.0;0.0;0.0;0.4758;1.6266;2.445;2.535;2.2812;2.3226;1.9296;1.5558;1.0128;0.7128;0.0852;0.0;0.0;0.0;0.0;0.0;0.0;0.0
2018-3-14;0.0;0.0;0.0;0.0;0.0;0.0;4.1373;11.6775;18.4761;17.4801;15.1341;20.7381;20.9475;12.9921;5.43;2.6796;0.5634;0.0;0.0;0.0;0.0;0.0;0.0;0.0
2018-3-15;0.0;0.0;0.0;0.0;0.0;0.0;0.825;3.06;3.6744;3.5634;2.1348;3.2886;2.0256;2.6214;1.7826;0.4776;0.2244;0.0;0.0;0.0;0.0;0.0;0.0;0.0
2018-3-16;0.0;0.0;0.0;0.0;0.0;0.0;0.7308;4.3158;8.2206;14.442;21.7953;14.9715;8.3196;14.7729;13.2894;9.8145;2.7183;0.0;0.0;0.0;0.0;0.0;0.0;0.0
2018-3-17;0.0;0.0;0.0;0.0;0.0;0.0;5.3607;13.5777;21.6741;27.654;30.4545;31.14;29.2344;25.3653;18.2388;10.6425;3.5085;0.0;0.0;0.0;0.0;0.0;0.0;0.0
2018-3-18;0.0;0.0;0.0;0.0;0.0;0.0;5.6466;13.4949;19.5438;27.5943;31.6005;32.4381;30.3969;25.5315;16.944000000000003;10.6053;2.5308;0.0;0.0;0.0;0.0;0.0;0.0;0.0
2018-3-19;0.0;0.0;0.0;0.0;0.0;0.0;0.2526;4.8306;16.4535;25.4955;29.6073;30.5025;29.4057;23.8419;16.968;10.4205;3.3549;0.0;0.0;0.0;0.0;0.0;0.0;0.0
2018-3-20;0.0;0.0;0.0;0.0;0.0;0.0;2.2275;4.5846;8.4966;9.9564;4.7544;3.1608;2.8992;2.8518;1.7856;1.413;0.9;0.0;0.0;0.0;0.0;0.0;0.0;0.0
2018-3-21;0.0;0.0;0.0;0.0;0.0;0.0;1.7424;5.8494;10.1385;11.397;12.4956;12.9711;3.708;3.0066;2.2692;2.859;1.3230000000000002;0.0;0.0;0.0;0.0;0.0;0.0;0.0
2018-3-22;0.0;0.0;0.0;0.0;0.0;0.0;0.8118;5.4324;15.005999999999998;6.81;12.7347;4.3938;2.13;1.7466;1.6518;2.8644;3.0687;0.0;0.0;0.0;0.0;0.0;0.0;0.0
2018-3-23;0.0;0.0;0.0;0.0;0.0;1.0899;3.8067;7.0152;14.6493;15.2451;20.4129;21.2637;27.3903;21.4731;18.387;11.3952;2.6991;0.0;0.0;0.0;0.0;0.0;0.0;0.0
2018-3-24;0.0;0.0;0.0;0.0;0.0;0.0738;2.2743;6.4704;15.7425;27.3192;28.3221;24.6726;16.4364;11.5698;5.2632;4.4538;1.1094;0.0;0.0;0.0;0.0;0.0;0.0;0.0
2018-3-25;0.0;0.0;0.0;0.0;0.0;1.113;2.259;7.9017;12.3684;24.9114;23.5086;12.3417;3.5952;4.3002;4.0452;4.4796;2.6189999999999998;0.0;0.0;0.0;0.0;0.0;0.0;0.0
2018-3-26;0.0;0.0;0.0;0.0;0.0;0.0;0.3978;3.4476;4.343999999999999;3.9156;7.8498;5.112;2.6910000000000003;1.8246;1.2696;4.0368;1.2855;0.0;0.0;0.0;0.0;0.0;0.0;0.0
2018-3-27;0.0;0.0;0.0;0.0;0.0;2.4171;9.4581;18.1275;25.8978;30.7074;33.4752;32.5521;31.4607;26.2821;20.5122;12.3261;5.1984;0.0;0.0;0.0;0.0;0.0;0.0;0.0
2018-3-28;0.0;0.0;0.0;0.0;0.0;0.0093;2.5875;7.119;19.3716;23.5086;32.9658;34.1622;32.8935;27.7575;20.9298;13.2012;5.4144;0.0;0.0;0.0;0.0;0.0;0.0;0.0
2018-3-29;0.0;0.0;0.0;0.0;0.0;2.4666;7.0623;18.6504;18.2646;23.7399;3.7332;30.6666;15.387;24.3381;21.5346;13.0077;4.9044;0.0;0.0;0.0;0.0;0.0;0.0;0.0
2018-3-30;0.0;0.0;0.0;0.0;0.0;2.8143;8.0571;10.5951;22.4868;15.9867;15.8595;29.2908;9.6333;15.5664;5.7672;3.489;1.1019;0.0;0.0;0.0;0.0;0.0;0.0;0.0
2018-3-31;0.0;0.0;0.0;0.0;0.0;0.2493;8.0001;7.5501;23.6028;28.4409;24.0879;27.3483;31.1109;27.5259;15.2235;12.5001;6.2553;0.0;0.0;0.0;0.0;0.0;0.0;0.0
2018-4-1;0.0;0.0;0.0;0.0;0.0;0.5718;3.3915;3.093;6.8802;5.8062;7.4094;4.9044;3.7188;7.8204;11.1222;12.1905;2.9871;0.0;0.0;0.0;0.0;0.0;0.0;0.0
2018-4-2;0.0;0.0;0.0;0.0;0.0;2.9949;10.8057;19.5366;26.4177;31.3722;33.7869;33.6501;31.3725;26.877;16.1115;10.3254;5.3607;0.0;0.0;0.0;0.0;0.0;0.0;0.0
2018-4-3;0.0;0.0;0.0;0.0;0.0;2.4027;9.1797;17.7645;25.2402;30.4059;33.1407;34.1184;31.7178;27.2871;21.3045;12.9807;3.7983;0.0;0.0;0.0;0.0;0.0;0.0;0.0
2018-4-4;0.0;0.0;0.0;0.0;0.0;3.1311;10.0878;18.3087;25.5585;30.6429;31.7277;33.102;30.1914;23.7522;20.3364;12.8769;5.2248;0.0;0.0;0.0;0.0;0.0;0.0;0.0
2018-4-5;0.0;0.0;0.0;0.0;0.0;3.6693;10.9905;19.0035;25.7922;30.2541;32.6802;33.3924;30.3468;20.8482;20.4018;12.9114;5.8449;0.0;0.0;0.0;0.0;0.0;0.0;0.0
2018-4-6;0.0;0.0;0.0;0.0;0.0;2.4111;5.3052;6.756;10.3701;6.7236;4.6818;3.8916;7.6824;6.69;16.7469;13.1889;3.7944;0.0;0.0;0.0;0.0;0.0;0.0;0.0
2018-4-7;0.0;0.0;0.0;0.0;0.0;3.252;11.2626;19.4748;26.7939;19.6227;12.515999999999998;25.5063;18.165;15.4857;2.301;9.9957;1.8168;0.0;0.0;0.0;0.0;0.0;0.0;0.0
2018-4-8;0.0;0.0;0.0;0.0;0.0;0.5364;1.443;3.4368;4.1472;8.5434;9.1164;6.1608;4.3698;3.363;2.0886;1.6356;0.8502;0.0;0.0;0.0;0.0;0.0;0.0;0.0
2018-4-9;0.0;0.0;0.0;0.0;0.0;0.1131;0.7506;1.5066;7.398;4.2042;4.7076;4.6512;4.6962;4.0482;1.4598;1.5564;1.1916;0.0;0.0;0.0;0.0;0.0;0.0;0.0
2018-4-10;0.0;0.0;0.0;0.0;0.0;0.1464;1.1064;2.8218;5.25;8.0244;5.9556;5.2326;3.804;3.1919999999999997;2.3976;2.5356;4.0161;0.1416;0.0;0.0;0.0;0.0;0.0;0.0
2018-4-11;0.0;0.0;0.0;0.0;0.0;0.8418;2.8674;4.05;6.8226;6.7829999999999995;5.6394;5.9142;4.9374;4.635;4.038;3.9858;2.7657;0.1074;0.0;0.0;0.0;0.0;0.0;0.0
2018-4-12;0.0;0.0;0.0;0.0;0.0;1.1838;3.471;7.047000000000001;18.4365;16.4607;13.443;17.0601;20.6172;14.3535;1.446;4.4898;2.3784;0.1374;0.0;0.0;0.0;0.0;0.0;0.0
2018-4-13;0.0;0.0;0.0;0.0;0.0;3.9093;13.1223;21.3918;25.0443;21.0816;28.1991;33.1053;33.5175;29.028000000000002;22.046999999999997;15.2508;6.7893;0.3648;0.0;0.0;0.0;0.0;0.0;0.0
2018-4-14;0.0;0.0;0.0;0.0;0.0;1.0038;2.1048;2.1456;3.4038;2.4186;3.8364;6.9042;8.318999999999999;5.7378;1.7028;2.6010000000000004;2.1336;0.0;0.0;0.0;0.0;0.0;0.0;0.0
2018-4-15;0.0;0.0;0.0;0.0;0.0;5.3754;12.7782;20.4141;27.2361;33.3729;27.921;29.1909;11.2596;14.9625;4.0836;3.6522;0.5286;0.4122;0.0;0.0;0.0;0.0;0.0;0.0
2018-4-16;0.0;0.0;0.0;0.0;0.0;4.4289;5.1966;10.6725;26.2404;33.7359;35.8845;31.340999999999998;28.4604;9.7962;8.4057;11.0703;3.7434;0.48;0.0;0.0;0.0;0.0;0.0;0.0
2018-4-17;0.0;0.0;0.0;0.0;0.0;6.7698;15.2691;23.7912;31.1574;35.8575;38.0721;22.1193;9.7062;14.0463;16.9671;13.0986;4.9899;0.0;0.0;0.0;0.0;0.0;0.0;0.0
2018-4-18;0.0;0.0;0.0;0.0;0.1731;0.2418;4.0344;6.7044;10.0743;7.5468;20.0406;24.7311;29.9664;22.1481;16.455;9.9315;7.0659;0.6522;0.0;0.0;0.0;0.0;0.0;0.0
2018-4-19;0.0;0.0;0.0;0.0;0.3825;6.6969;15.2286;23.7798;28.539;20.814;24.1665;19.7052;11.6202;12.0516;7.9893;9.908999999999999;5.6913;0.5718;0.0;0.0;0.0;0.0;0.0;0.0
2018-4-20;0.0;0.0;0.0;0.0;0.2724;4.248;10.0494;6.5664;11.6736;20.7432;21.5985;29.1666;32.6748;25.0101;23.0055;14.7807;7.2564;0.8244;0.0;0.0;0.0;0.0;0.0;0.0
2018-4-21;0.0;0.0;0.0;0.0;0.8619;7.4535;15.9498;24.3021;30.7332;35.5092;37.7856;38.2056;36.2577;32.085;25.8012;17.5092;8.9436;0.858;0.0;0.0;0.0;0.0;0.0;0.0
2018-4-22;0.0;0.0;0.0;0.0;0.9075;7.5360000000000005;16.1136;24.5307;31.2642;35.5758;35.3823;34.7619;29.9631;29.427;21.9075;9.8568;6.4902;0.9348;0.0;0.0;0.0;0.0;0.0;0.0
2018-4-23;0.0;0.0;0.0;0.0;0.0312;3.5865;6.0756;21.2076;23.8791;17.6493;20.9223;22.7883;13.6797;7.5894;10.9221;7.9197;2.9556;0.3399;0.0;0.0;0.0;0.0;0.0;0.0
2018-4-24;0.0;0.0;0.0;0.0;0.0;0.597;2.4696;4.5534;6.5202;6.4434;10.119;11.0574;8.9964;26.6802;8.5056;10.2255;5.0463;1.4505;0.0;0.0;0.0;0.0;0.0;0.0
2018-4-25;0.0;0.0;0.0;0.0;0.0;1.2209999999999999;5.6637;13.365;18.0645;27.0492;26.9964;15.6132;12.0732;10.4961;13.7835;7.9179;7.4859;1.8174;0.0;0.0;0.0;0.0;0.0;0.0
2018-4-26;0.0;0.0;0.0;0.0;2.2254;8.9943;17.8638;26.5758;31.0629;17.7996;24.6816;29.7321;25.6224;18.4386;3.1962;9.7011;9.5595;3.2046;0.0;0.0;0.0;0.0;0.0;0.0
2018-4-27;0.0;0.0;0.0;0.0;0.0;0.3966;1.4364;2.7942;5.0334;5.1288;10.7088;6.3162;8.0736;3.7044;5.0028;4.5498;2.7624;0.6798;0.0;0.0;0.0;0.0;0.0;0.0
2018-4-28;0.0;0.0;0.0;0.0;2.7153;9.3384;17.2941;24.2382;29.8668;26.8053;30.7602;33.2298;26.3562;23.4513;13.0638;5.6064;2.7528;1.3101;0.0;0.0;0.0;0.0;0.0;0.0
2018-4-29;0.0;0.0;0.0;0.0;2.6817;9.5118;18.3141;26.2527;32.1009;33.5124;32.2866;32.4348;22.7271;28.4511;26.3946;18.7395;10.095;2.7825;0.0;0.0;0.0;0.0;0.0;0.0
2018-4-30;0.0;0.0;0.0;0.0;2.7822;9.3882;17.8518;25.7181;31.3623;34.4445;34.5177;34.6104;32.2614;20.3355;24.0327;15.107999999999999;9.3111;1.8018;0.0;0.0;0.0;0.0;0.0;0.0
2018-5-1;0.0;0.0;0.0;0.0;1.8534;7.1058;14.6289;25.2441;28.8207;32.6634;26.3847;15.0681;18.8538;15.0825;8.82;9.396;5.9208;0.9321;0.0;0.0;0.0;0.0;0.0;0.0
2018-5-2;0.0;0.0;0.0;0.0;0.0546;2.8236;8.7222;17.3589;22.872;25.2777;28.4814;26.8674;23.3904;19.5252;20.2881;10.7595;8.4876;1.4301;0.0;0.0;0.0;0.0;0.0;0.0
2018-5-3;0.0;0.0;0.0;0.0;0.0066;0.9972;2.6688;15.4932;12.0801;14.2305;11.6034;19.0671;27.675;27.0462;10.4049;11.5884;2.5878;1.53;0.0;0.0;0.0;0.0;0.0;0.0
2018-5-4;0.0;0.0;0.0;0.0;0.7833;1.0422;2.2404;14.4486;4.6818;3.5208;3.2754;6.5274;5.6196;3.2748;2.9322;2.3526;0.5304;0.342;0.0;0.0;0.0;0.0;0.0;0.0
2018-5-5;0.0;0.0;0.0;0.0;0.4239;1.3152;3.6719999999999997;7.7256;11.6256;20.3265;19.1763;19.4718;19.7793;29.2557;23.8368;11.9727;6.0873;2.6073;0.0;0.0;0.0;0.0;0.0;0.0
2018-5-6;0.0;0.0;0.0;0.0;2.9283;10.008;18.6732;26.7444;32.4669;32.8854;37.6014;38.4651;36.6522;33.2751;27.3216;19.4406;10.3806;4.1454;0.0;0.0;0.0;0.0;0.0;0.0
2018-5-7;0.0;0.0;0.0;0.0;3.4392;10.467;18.921;27.2061;33.2106;37.9065;39.5226;39.174;35.961;33.7518;28.2414;19.8213;11.3043;4.2606;0.0;0.0;0.0;0.0;0.0;0.0
2018-5-8;0.0;0.0;0.0;0.0;3.4551;9.8115;19.719;27.8751;30.6414;22.3605;14.9868;20.4285;27.0771;32.5167;25.8489;18.2355;11.1159;4.4181;0.0;0.0;0.0;0.0;0.0;0.0
2018-5-9;0.0;0.0;0.0;0.0;1.5543;6.0045;12.3219;16.7946;25.5585;35.9112;37.6128;35.421;32.8326;30.1683;22.3329;16.6107;5.0169;3.5856;0.0;0.0;0.0;0.0;0.0;0.0
2018-5-10;0.0;0.0;0.0;0.0;3.6732;10.7706;15.5151;26.1546;27.6831;25.8852;28.254;17.8704;21.9846;15.9771;2.943;1.2318;0.7662;4.0986;0.0;0.0;0.0;0.0;0.0;0.0
2018-5-11;0.0;0.0;0.0;0.0;3.2892;6.3453;14.9472;20.1165;20.958000000000002;24.7449;28.2402;26.2686;30.8898;18.3585;15.96;10.0227;1.8936;2.4789;0.0;0.0;0.0;0.0;0.0;0.0
2018-5-12;0.0;0.0;0.0;0.0;4.4712;11.4897;19.824;27.5745;28.965;24.7926;25.0608;22.2246;21.8091;14.9004;8.9832;3.2964;3.6510000000000002;0.72;0.0;0.0;0.0;0.0;0.0;0.0
2018-5-13;0.0;0.0;0.0;0.0;0.0816;2.955;14.07;9.8379;5.244;5.8218;7.869;6.4236;3.4032;6.4674;5.2668;2.4774;1.3278;1.8693;0.0;0.0;0.0;0.0;0.0;0.0
2018-5-14;0.0;0.0;0.0;0.0;0.0816;1.2558;2.8512;5.2296;8.3556;6.5238;7.1214;20.8461;10.3302;29.2281;28.0149;21.2763;11.9631;2.0334;0.0;0.0;0.0;0.0;0.0;0.0
2018-5-15;0.0;0.0;0.0;0.0;0.1125;2.4078;7.0707;15.1767;24.7527;21.318;26.2992;28.8672;26.1015;21.7509;7.3818;12.9339;6.444;4.4217;0.0;0.0;0.0;0.0;0.0;0.0
2018-5-16;0.0;0.0;0.0;0.0;2.9085;10.2882;19.2834;25.3269;31.4388;34.7475;37.6935;39.4779;6.7878;17.9178;25.5093;17.2197;11.6208;4.8507;0.0;0.0;0.0;0.0;0.0;0.0
2018-5-17;0.0;0.0;0.0;0.0;0.8514;3.8016;7.5726;16.581;22.758000000000003;15.7773;8.2932;25.6473;28.1718;21.5868;10.8792;7.3611;1.0398;2.8773;0.0;0.0;0.0;0.0;0.0;0.0
2018-5-18;0.0;0.0;0.0;0.0;0.1137;2.22;9.3483;14.4735;10.3848;17.085;7.0836;4.4532;5.888999999999999;18.3039;8.7282;14.394;10.1841;4.7379;0.0;0.0;0.0;0.0;0.0;0.0
2018-5-19;0.0;0.0;0.0;0.0;0.7116;10.5441;15.1353;24.7326;19.7442;33.5982;22.5492;19.8612;9.8274;5.5122;2.9334;6.0252;6.8868;3.0003;0.0;0.0;0.0;0.0;0.0;0.0
2018-5-20;0.0;0.0;0.0;0.0;2.4702;12.1101;14.4873;12.9885;20.0127;26.3349;34.1043;27.8553;13.5369;26.5893;3.9624;20.166;12.4503;5.3973;0.0;0.0;0.0;0.0;0.0;0.0
2018-5-21;0.0;0.0;0.0;0.0;2.094;10.2222;19.8633;26.9148;31.0086;24.7746;35.2731;31.5987;22.5651;23.2743;22.9911;20.0622;12.6042;5.3511;0.0;0.0;0.0;0.0;0.0;0.0
2018-5-22;0.0;0.0;0.0;0.0;3.7356;10.5444;17.4333;26.6112;27.7827;36.2181;39.4482;39.6753;38.0037;33.1275;26.9511;15.4644;11.8056;3.6948;0.102;0.0;0.0;0.0;0.0;0.0
2018-5-23;0.0;0.0;0.0;0.0;5.4039;12.7734;21.1005;28.7967;34.5162;38.8227;40.563;39.8604;37.9761;34.5204;27.7713;20.5674;11.4354;3.5157;0.0;0.0;0.0;0.0;0.0;0.0
2018-5-24;0.0;0.0;0.0;0.0;0.2046;3.207;8.9664;8.8833;18.0117;11.9406;4.7538;3.0732;4.851;3.987;10.3854;20.9793;10.8027;1.9323;0.1968;0.0;0.0;0.0;0.0;0.0
2018-5-25;0.0;0.0;0.0;0.0;0.1716;1.8786;4.9002;15.4035;27.4755;31.2837;36.0339;38.9685;38.6736;34.9188;27.1383;19.7277;11.7801;5.6436;0.1932;0.0;0.0;0.0;0.0;0.0
2018-5-26;0.0;0.0;0.0;0.0;0.1716;1.1088;4.3068;7.32;8.3892;9.0528;9.4224;18.7089;18.3285;20.6805;23.0145;20.9148;12.8631;5.5641;0.2256;0.0;0.0;0.0;0.0;0.0
2018-5-27;0.0;0.0;0.0;0.0;2.8695;8.5206;17.8932;27.6858;30.1524;33.0093;36.633;32.6715;31.4556;25.0992;18.6294;10.1136;0.9756;1.9380000000000002;0.0;0.0;0.0;0.0;0.0;0.0
2018-5-28;0.0;0.0;0.0;0.0;0.1674;3.6378;16.2024;27.2556;33.1986;35.5047;34.9884;35.7078;21.4449;22.3533;4.3914;14.9115;6.7989;5.3253;0.2208;0.0;0.0;0.0;0.0;0.0
2018-5-29;0.0;0.0;0.0;0.0;2.8866;1.1712;4.0494;3.1656;11.9367;6.0918;3.9144;21.2598;31.5141;25.3293;17.3688;18.639;13.9935;0.81;0.3882;0.0;0.0;0.0;0.0;0.0
2018-5-30;0.0;0.0;0.0;0.0;0.1962;0.8286;14.1759;28.7769;32.6976;37.6359;34.3656;33.6822;36.5841;32.6934;28.4103;22.443;14.1681;6.3489;0.4362;0.0;0.0;0.0;0.0;0.0
2018-5-31;0.0;0.0;0.0;0.0;4.782;13.3572;20.9775;28.1787;29.1735;25.1598;12.2454;32.3451;26.0925;24.0462;11.3565;6.114;8.3292;0.909;0.4344;0.0;0.0;0.0;0.0;0.0
2018-6-1;0.0;0.0;0.0;0.171;5.1027;12.8214;20.7978;26.0127;29.9307;21.6276;34.3833;10.4934;12.7956;29.0328;18.279;3.174;1.3404;4.4721;0.4752;0.0;0.0;0.0;0.0;0.0
2018-6-2;0.0;0.0;0.0;0.2034;2.8569;8.7696;15.6486;26.1861;25.0137;12.7578;12.4134;11.5434;14.4264;13.6524;5.472;3.5064;2.1072;0.6726;0.0;0.0;0.0;0.0;0.0;0.0
2018-6-3;0.0;0.0;0.0;0.0282;1.4688;10.3173;19.0323;22.2927;22.809;12.7035;22.947;13.9353;12.5097;17.2194;8.4714;17.840999999999998;11.6775;5.7969;0.4362;0.0;0.0;0.0;0.0;0.0
2018-6-4;0.0;0.0;0.0;0.0;0.201;1.9482;9.924;25.8207;31.959;37.1871;39.2358;38.889;37.2981;33.6939;27.1704;18.9681;9.48;3.2229;0.5844;0.0;0.0;0.0;0.0;0.0
2018-6-5;0.0;0.0;0.0;0.0276;4.1049;9.4233;13.6218;17.8815;20.6874;29.1036;29.930999999999997;33.1203;23.2149;19.1676;24.4806;19.7673;10.6956;5.3031;0.1308;0.0;0.0;0.0;0.0;0.0
2018-6-6;0.0;0.0;0.0;0.3012;0.2004;10.7781;13.5453;24.819000000000003;34.4439;38.0928;40.2681;39.9033;37.4328;32.7915;26.8455;20.0562;13.5024;6.3654;0.6258;0.0;0.0;0.0;0.0;0.0
2018-6-7;0.0;0.0;0.0;0.2052;5.6577;13.2711;21.21;28.2057;33.9399;37.6026;39.2103;39.3447;38.3655;34.7199;29.4738;22.1061;14.2188;6.7635;0.6684;0.0;0.0;0.0;0.0;0.0
2018-6-8;0.0;0.0;0.0;0.174;5.7303;12.1224;21.4788;27.7638;32.8422;34.9569;36.6663;33.6822;37.3875;34.0029;17.5266;21.9891;14.4546;6.6714;0.6996;0.0;0.0;0.0;0.0;0.0
2018-6-9;0.0;0.0;0.0;0.0;1.5864;1.7586;2.8638;5.8314;28.8639;23.5737;27.4413;25.4517;27.4602;22.455;22.6026;13.7112;13.1259;5.1243;0.0;0.0;0.0;0.0;0.0;0.0
2018-6-10;0.0;0.0;0.0;0.0288;4.9722;10.985999999999999;20.4924;26.7228;32.4636;27.813000000000002;30.0528;28.0821;14.9103;4.1706;27.1566;21.0798;11.8257;6.9699;0.4338;0.0;0.0;0.0;0.0;0.0
2018-6-11;0.0;0.0;0.0;0.0;1.5888;2.6472;7.2921;12.1518;15.3237;12.3588;11.3328;13.0725;19.2705;16.9107;18.4893;20.5623;7.977;3.1593;0.7062;0.0;0.0;0.0;0.0;0.0
2018-6-12;0.0;0.0;0.0;0.2346;0.2022;2.8098;19.4214;25.1214;29.193;26.4249;28.3896;25.2615;6.3564;18.0015;18.9684;10.2846;4.5042;2.1006;0.7038;0.0;0.0;0.0;0.0;0.0
2018-6-13;0.0;0.0;0.0;0.201;0.2016;2.1906;7.44;14.1072;15.6519;17.0829;4.2534;15.7146;27.6627;9.3042;2.8476;16.5849;6.3981;4.1556;0.6666;0.0;0.0;0.0;0.0;0.0
2018-6-14;0.0;0.0;0.0;0.3774;5.955;13.3656;19.9755;23.8563;26.1972;33.6168;36.4062;31.9848;36.471;32.7951;8.8026;12.7596;6.2583;6.6159;0.8226;0.0;0.0;0.0;0.0;0.0
2018-6-15;0.0;0.0;0.0;0.0048;4.7208;13.2312;14.4867;27.3465;17.7708;6.6846;18.5376;25.8945;17.2359;7.1688;11.0622;3.3966;1.3956;0.7974;0.1644;0.0;0.0;0.0;0.0;0.0
2018-6-16;0.0;0.0;0.0;0.3432;6.2856;3.4410000000000003;12.2739;28.3671;34.0251;37.2291;38.3763;34.2864;26.4156;17.2029;24.6057;11.3496;9.8352;4.2156;0.6084;0.0;0.0;0.0;0.0;0.0
2018-6-17;0.0;0.0;0.0;0.0;0.7422;12.8418;20.8836;16.3833;6.6882;10.4148;6.7662;3.1338;5.3646;26.8596;22.2687;20.1777;14.732999999999999;7.4991;0.8274;0.0;0.0;0.0;0.0;0.0
2018-6-18;0.0;0.0;0.0;0.3378;6.1827;6.0207;14.505;26.052;33.7431;37.6482;39.7719;28.7598;28.9536;27.0621;28.6434;21.2964;11.3037;7.2606;0.7782;0.0;0.0;0.0;0.0;0.0
2018-6-19;0.0;0.0;0.0;0.0;4.5864;10.8957;19.1073;13.7418;33.3711;31.1229;5.8554;30.7827;17.4054;9.5598;16.8657;5.5296;2.8458;5.1981;0.0738;0.0;0.0;0.0;0.0;0.0
2018-6-20;0.0;0.0;0.0;0.0;2.7876;1.4532;2.0916;5.5758;7.485;4.41;4.6530000000000005;3.8256;3.5352;8.9682;12.8112;4.0158;2.1414;2.3316;0.5478;0.0;0.0;0.0;0.0;0.0
2018-6-21;0.0;0.0;0.0;0.0;2.3829;9.0327;6.6597;20.0223;20.3484;34.1184;34.3005;34.5081;31.1559;27.1089;24.3573;21.0939;14.6925;6.8391;0.9324;0.0;0.0;0.0;0.0;0.0
2018-6-22;0.0;0.0;0.0;0.2334;5.8206;13.4472;21.3966;27.78;28.9209;30.8748;27.8355;28.5072;26.3844;27.4455;28.059;22.1226;14.9268;7.4517;0.8814;0.0;0.0;0.0;0.0;0.0
2018-6-23;0.0;0.0;0.0;0.1968;5.3574;12.6234;20.1381;26.8347;32.2707;35.7993;37.2183;37.0281;35.565;30.8505;27.6951;21.4917;14.2773;6.9075;0.9102;0.0;0.0;0.0;0.0;0.0
2018-6-24;0.0;0.0;0.0;0.1632;5.2461;12.5673;19.805999999999997;26.1618;31.746;31.8273;31.5642;34.7823;29.5065;26.1576;25.4385;16.5129;13.9527;7.0263;0.9444;0.0;0.0;0.0;0.0;0.0
2018-6-25;0.0;0.0;0.0;0.1308;5.6052;10.2837;18.354;25.7889;31.9014;35.5653;37.9071;38.4783;35.9295;31.2867;28.2954;21.3969;13.4865;6.9099;0.9444;0.0;0.0;0.0;0.0;0.0
2018-6-26;0.0;0.0;0.0;0.0;0.192;9.5763;14.3394;2.1948;2.6478;8.4738;15.2517;6.1668;20.91;16.0482;9.8166;8.6898;6.2649;3.4539;0.0726;0.0;0.0;0.0;0.0;0.0
2018-6-27;0.0;0.0;0.0;0.1956;0.2628;4.0659;3.0006;14.1684;11.4474;8.3502;8.0568;6.9876;5.6286;3.3828;3.3906;1.4592;0.8652;0.9924;0.3612;0.0;0.0;0.0;0.0;0.0
2018-6-28;0.0;0.0;0.0;0.0;0.3714;1.6218;10.3083;17.6058;32.5371;32.5185;36.4605;37.0869;37.143;33.6048;29.4348;18.9045;14.9973;7.3887;0.9378;0.0;0.0;0.0;0.0;0.0
2018-6-29;0.0;0.0;0.0;0.0798;5.25;12.5685;20.304000000000002;27.6681;32.652;35.7693;37.8438;38.2245;37.7043;32.5458;28.241999999999997;19.7427;9.8289;6.4524;0.9209999999999999;0.0;0.0;0.0;0.0;0.0
2018-6-30;0.0;0.0;0.0;0.0;4.6827;12.2505;18.4854;27.2973;32.5734;35.3568;36.8409;37.7397;31.7763;33.9309;25.158;18.1209;13.3851;1.3769999999999998;0.6432;0.0;0.0;0.0;0.0;0.0
2018-7-1;0.0;0.0;0.0;0.0762;0.1638;10.5738;18.474;26.1402;25.6368;31.1889;32.784;37.2204;36.1152;32.9721;27.9822;21.6954;14.4972;6.3981;0.8814;0.0;0.0;0.0;0.0;0.0
2018-7-2;0.0;0.0;0.0;0.0;5.1681;12.1581;19.7463;27.0864;32.3739;35.7489;36.6228;30.996;30.2199;25.0929;28.1802;21.4215;13.9866;4.6542;0.8334;0.0;0.0;0.0;0.0;0.0
2018-7-3;0.0;0.0;0.0;0.0;4.4895;0.6348;1.2666;6.2946;16.0254;11.1762;27.4413;30.9219;32.4846;28.8849;20.0559;18.8493;13.1718;6.4419;0.8604;0.0;0.0;0.0;0.0;0.0
2018-7-4;0.0;0.0;0.0;0.0;5.1933;12.3231;19.9833;24.7137;29.0199;27.0291;20.0775;18.1173;22.4703;23.3511;24.9288;21.0297;14.6724;6.4079999999999995;0.8994;0.0;0.0;0.0;0.0;0.0
2018-7-5;0.0;0.0;0.0;0.0;5.3625;12.2259;19.8153;27.2703;32.5992;36.5799;34.9494;29.3946;27.4572;17.0517;25.5312;22.4688;14.8182;7.1979;0.0;0.0;0.0;0.0;0.0;0.0
2018-7-6;0.0;0.0;0.0;0.0;3.9861;3.8604;17.0466;7.1118;21.8931;32.5542;34.9872;23.6508;34.0614;25.9428;20.3754;18.639;13.533;4.5981;0.7416;0.0;0.0;0.0;0.0;0.0
2018-7-7;0.0;0.0;0.0;0.0;5.4177;12.2871;20.592;22.8435;31.173000000000002;35.1231;34.9737;33.6978;34.4466;29.8026;27.6978;19.5525;13.9341;6.5859;0.8622;0.0;0.0;0.0;0.0;0.0
2018-7-8;0.0;0.0;0.0;0.0;5.0406;8.2878;15.3705;25.4895;32.2914;35.7168;35.6424;34.9365;23.511;26.8542;19.9839;14.3019;11.61;3.6501;0.318;0.0;0.0;0.0;0.0;0.0
2018-7-9;0.0;0.0;0.0;0.0;4.671;8.6331;6.6051;17.0895;31.9485;33.1494;24.6648;14.8221;24.5307;30.885;23.7258;20.6778;11.0445;5.0871;0.8106;0.0;0.0;0.0;0.0;0.0
2018-7-10;0.0;0.0;0.0;0.0;2.541;2.1672;11.4363;23.0973;31.9872;32.3142;38.6838;37.9284;36.2757;32.6385;25.8297;18.1713;13.4865;4.9836;0.7584;0.0;0.0;0.0;0.0;0.0
2018-7-11;0.0;0.0;0.0;0.0;4.5927;11.3031;18.7056;26.7768;32.7738;36.4437;39.3132;37.158;33.5892;30.2097;27.7218;19.7751;11.883;1.9512;0.7416;0.0;0.0;0.0;0.0;0.0
2018-7-12;0.0;0.0;0.0;0.0;0.7752;3.8703;2.9202;2.4;4.2816;6.9438;32.9769;38.4216;33.0402;20.6433;20.6802;21.7056;6.2919;1.374;0.1254;0.0;0.0;0.0;0.0;0.0
2018-7-13;0.0;0.0;0.0;0.0;0.1044;5.2899;4.4448;2.8008;9.6648;28.8639;30.6474;28.9455;34.9098;29.9592;21.1785;12.027000000000001;2.349;0.687;0.0726;0.0;0.0;0.0;0.0;0.0
2018-7-14;0.0;0.0;0.0;0.0;0.1062;0.5976;1.1832;3.8574;5.4834;6.6288;14.9466;6.819;7.9584;4.6836;3.6078;3.5616;2.6142;2.1072;0.5628;0.0;0.0;0.0;0.0;0.0
2018-7-15;0.0;0.0;0.0;0.0;2.4006;3.6294;9.285;17.2368;15.1197;17.1822;25.2417;18.4872;12.5106;12.3678;3.273;5.7468;5.4162;3.6237;0.0;0.0;0.0;0.0;0.0;0.0
2018-7-16;0.0;0.0;0.0;0.0;0.1083;0.8958;4.6122;5.406000000000001;4.9932;4.9332;7.5948;6.885;5.6754;4.6398;2.925;1.8834;0.9414;0.816;0.5274;0.0;0.0;0.0;0.0;0.0
2018-7-17;0.0;0.0;0.0;0.0;0.2691;1.9769999999999999;4.11;5.3208;5.7282;8.8068;7.5816;6.4158;5.8482;4.7856;9.0;10.472999999999999;5.0439;4.2555;0.6222;0.0;0.0;0.0;0.0;0.0
2018-7-18;0.0;0.0;0.0;0.0;1.7178;1.0056;3.7764;10.2042;15.1434;23.7267;17.6682;18.9222;11.544;22.8027;10.2108;6.9663;2.346;0.9;0.1296;0.0;0.0;0.0;0.0;0.0
2018-7-19;0.0;0.0;0.0;0.0;0.0786;1.359;4.4256;14.2416;22.9023;18.5256;17.9508;11.2572;8.0868;7.5444;2.3819999999999997;2.7486;7.4508;2.7966;0.3936;0.0;0.0;0.0;0.0;0.0
2018-7-20;0.0;0.0;0.0;0.0;0.1986;2.1726;11.9457;21.1962;29.8317;30.1641;36.2082;34.5192;11.8869;3.3462;8.6076;21.4578;2.661;3.2304;0.4284;0.0;0.0;0.0;0.0;0.0
2018-7-21;0.0;0.0;0.0;0.0;0.37200000000000005;10.1184;14.3289;16.3869;25.9086;32.5026;35.064;34.7532;31.3695;28.3206;25.3791;19.545;4.3479;2.5881;0.0;0.0;0.0;0.0;0.0;0.0
2018-7-22;0.0;0.0;0.0;0.0;0.225;8.6412;13.8273;24.4959;30.5055;33.9525;37.4355;36.9234;34.9362;31.4637;27.3972;20.2707;13.3902;5.4039;0.3834;0.0;0.0;0.0;0.0;0.0
2018-7-23;0.0;0.0;0.0;0.0;0.9957;6.9354;14.8794;21.618000000000002;29.3739;33.4728;31.5537;36.3138;34.9056;31.8228;27.2688;20.3049;12.9795;4.6074;0.3138;0.0;0.0;0.0;0.0;0.0
2018-7-24;0.0;0.0;0.0;0.0;0.1623;0.6629999999999999;1.3218;9.0075;15.0405;21.8058;22.8003;31.1481;16.3659;27.2349;14.2011;13.3848;11.7219;5.7648;0.0474;0.0;0.0;0.0;0.0;0.0
2018-7-25;0.0;0.0;0.0;0.0;1.4298;5.1489;6.7341;15.3195;16.6197;20.0088;26.9568;29.4183;27.6993;22.3578;25.8888;18.87;7.6341;4.734;0.3192;0.0;0.0;0.0;0.0;0.0
2018-7-26;0.0;0.0;0.0;0.0;0.2931;1.6392;10.1958;18.1551;21.1734;30.342;33.7551;33.4902;23.7759;22.6191;22.533;19.2408;11.4672;3.18;0.1872;0.0;0.0;0.0;0.0;0.0
2018-7-27;0.0;0.0;0.0;0.0;2.1165;7.59;15.036;23.5509;26.5719;28.5624;28.8597;12.7326;2.7366;5.4414;7.1658;2.3442;7.8651;1.9062;0.2184;0.0;0.0;0.0;0.0;0.0
2018-7-28;0.0;0.0;0.0;0.0;0.0261;0.7476;1.7766;3.8712;11.6343;28.0545;14.4576;20.4906;18.8526;9.4554;7.5792;7.3311;8.5995;3.1785;0.1602;0.0;0.0;0.0;0.0;0.0
2018-7-29;0.0;0.0;0.0;0.0;1.7565;7.8003;11.7996;24.0684;29.5623;3.2046;12.4071;6.0972;35.5746;22.4118;21.5802;1.251;2.5458;3.5676;0.1002;0.0;0.0;0.0;0.0;0.0
2018-7-30;0.0;0.0;0.0;0.0;2.9169;9.2328;17.1153;23.7153;8.6304;4.953;17.0493;27.3468;35.2278;25.2519;12.2154;19.4109;10.6134;1.5996;0.0;0.0;0.0;0.0;0.0;0.0
2018-7-31;0.0;0.0;0.0;0.0;1.4969999999999999;7.7214;5.7471;24.288;29.595;28.305;34.4589;33.4674;33.4809;3.3954;1.8;1.3206;1.122;0.1572;0.0;0.0;0.0;0.0;0.0;0.0
2018-8-1;0.0;0.0;0.0;0.0;0.0768;1.4369999999999998;2.6304;3.3858;4.1982;8.259;13.1445;20.5044;19.3227;11.2053;10.7562;4.9884;3.6186;3.3492;0.0;0.0;0.0;0.0;0.0;0.0
2018-8-2;0.0;0.0;0.0;0.0;3.0651;9.3048;17.3091;20.0112;29.9943;33.438;34.3959;31.3086;32.2473;29.4543;26.5374;20.2005;12.3867;5.1969;0.0;0.0;0.0;0.0;0.0;0.0
2018-8-3;0.0;0.0;0.0;0.0;0.0264;0.9168;4.9782;18.7782;15.710999999999999;30.0465;24.186;19.4019;24.8277;21.2919;13.182;9.7521;11.007;2.4495;0.0;0.0;0.0;0.0;0.0;0.0
2018-8-4;0.0;0.0;0.0;0.0;0.195;4.2915;10.1187;15.1023;14.5365;26.7936;34.3416;34.5864;30.7656;29.0922;23.9529;14.814;10.9746;3.753;0.0;0.0;0.0;0.0;0.0;0.0
2018-8-5;0.0;0.0;0.0;0.0;2.4252;8.5497;13.1484;23.634;29.2128;26.6142;26.4651;33.6057;11.1558;12.306;2.1732;4.314;3.4452;0.3588;0.0;0.0;0.0;0.0;0.0;0.0
2018-8-6;0.0;0.0;0.0;0.0;0.0;0.37200000000000005;7.3575;4.9122;4.4478;4.8126;3.4932;5.3982;5.9538;16.9896;12.6561;8.3199;5.5512;2.9835;0.0;0.0;0.0;0.0;0.0;0.0
2018-8-7;0.0;0.0;0.0;0.0;2.3244;8.6865;16.3686;22.9524;30.7242;34.7235;37.2375;36.2373;35.7015;31.263;25.6554;19.5159;11.6274;4.2792;0.0;0.0;0.0;0.0;0.0;0.0
2018-8-8;0.0;0.0;0.0;0.0;2.4687;8.4465;16.329;23.9697;30.252;33.5298;36.0453;36.6126;35.1141;31.71;25.9809;19.0128;11.298;4.1148;0.0;0.0;0.0;0.0;0.0;0.0
2018-8-9;0.0;0.0;0.0;0.0;1.7946;8.1102;13.7634;23.1666;29.3469;32.5299;34.0035;32.8713;16.1988;15.0171;8.7282;3.8166;4.9563;1.1067;0.0;0.0;0.0;0.0;0.0;0.0
2018-8-10;0.0;0.0;0.0;0.0;0.5712;0.3366;1.6806;2.2848;4.0728;7.3062;5.7138;6.6696;5.0754;5.0484;5.4239999999999995;7.272;3.5466;0.9447;0.0;0.0;0.0;0.0;0.0;0.0
2018-8-11;0.0;0.0;0.0;0.0;0.5871;0.42;2.8116;12.8427;18.3087;19.0209;34.9503;26.9706;6.693;3.2586;20.6073;9.4926;10.8303;2.8767;0.0;0.0;0.0;0.0;0.0;0.0
2018-8-12;0.0;0.0;0.0;0.0;0.2394;2.8539;11.0406;18.4527;28.029;25.221;29.6376;31.2936;16.3389;18.2454;11.7699;8.1558;5.8161;1.9134;0.0;0.0;0.0;0.0;0.0;0.0
2018-8-13;0.0;0.0;0.0;0.0;0.3414;1.0254;2.58;7.8867;9.1794;10.5042;17.397000000000002;18.9369;20.5611;9.5064;11.2701;15.6363;7.3074;3.3654;0.0;0.0;0.0;0.0;0.0;0.0
2018-8-14;0.0;0.0;0.0;0.0;1.188;7.4562;15.2772;19.5825;25.6923;31.5918;30.7878;31.4064;33.0762;27.765;21.7446;15.4077;1.6896;0.8856;0.0;0.0;0.0;0.0;0.0;0.0
2018-8-15;0.0;0.0;0.0;0.0;0.5541;5.7174;12.8847;20.6676;28.842;31.0533;31.905;31.695;22.671;29.4819;19.9029;15.4344;9.7017;2.931;0.0;0.0;0.0;0.0;0.0;0.0
2018-8-16;0.0;0.0;0.0;0.0;0.3186;3.9129;13.7586;18.9198;23.3328;25.6926;18.8433;25.4433;20.0703;18.0882;13.0212;8.1702;2.457;1.1658;0.0;0.0;0.0;0.0;0.0;0.0
2018-8-17;0.0;0.0;0.0;0.0;0.6513;1.02;5.1129;12.5718;16.6941;30.2409;32.5236;33.7887;33.5331;27.8619;21.9759;15.8898;9.7236;2.7822;0.0;0.0;0.0;0.0;0.0;0.0
2018-8-18;0.0;0.0;0.0;0.0;0.5631;6.8868;14.7528;22.7031;23.8803;29.934;30.1716;26.4891;29.1117;28.6332;17.8473;16.5432;9.0294;2.6865;0.0;0.0;0.0;0.0;0.0;0.0
2018-8-19;0.0;0.0;0.0;0.0;0.3807;5.9997;14.1402;21.7905;27.693;29.1564;30.9633;32.3349;15.3867;11.6955;22.7538;16.2225;8.439;2.8428;0.0;0.0;0.0;0.0;0.0;0.0
2018-8-20;0.0;0.0;0.0;0.0;0.3498;6.0534;13.8297;21.951;27.7539;18.7956;27.9663;27.8445;24.0636;22.0146;14.8149;13.4376;8.5911;2.8329;0.0;0.0;0.0;0.0;0.0;0.0
2018-8-21;0.0;0.0;0.0;0.0;0.0;0.2262;2.3184;1.9458;5.9778;5.1882;5.7018;7.6908;4.8792;4.4376;4.338;3.1326;2.9931;0.0;0.0;0.0;0.0;0.0;0.0;0.0
2018-8-22;0.0;0.0;0.0;0.0;0.0276;2.2386;4.6263;7.5294;6.6276;5.7756;7.122000000000001;13.9872;18.1311;10.2129;3.549;9.8094;6.2982;0.2955;0.0;0.0;0.0;0.0;0.0;0.0
2018-8-23;0.0;0.0;0.0;0.0;0.1665;5.706;13.8741;21.7245;27.219;31.4421;34.025999999999996;33.5427;31.5801;29.0385;16.8006;11.7069;3.8109;0.9837;0.0;0.0;0.0;0.0;0.0;0.0
2018-8-24;0.0;0.0;0.0;0.0;0.0;2.5815;6.3117;10.7913;15.2919;25.3863;26.7528;28.1586;27.7437;16.0941;11.991;14.1471;7.902;0.8142;0.0;0.0;0.0;0.0;0.0;0.0
2018-8-25;0.0;0.0;0.0;0.0;0.0;5.6769;12.902999999999999;18.9528;27.4557;31.5876;33.1011;34.1193;32.3346;28.4244;22.761;15.4044;7.7169;0.7332;0.0;0.0;0.0;0.0;0.0;0.0
2018-8-26;0.0;0.0;0.0;0.0;0.0;5.8146;13.5399;21.125999999999998;27.4461;31.2456;33.2667;33.4824;31.9695;27.8226;22.1619;15.0423;7.4358;0.654;0.0;0.0;0.0;0.0;0.0;0.0
2018-8-27;0.0;0.0;0.0;0.0;0.0;5.6208;13.2339;20.8857;27.0555;31.0464;33.4392;33.4407;32.0217;27.5535;21.7647;14.6499;7.0353;0.5334;0.0;0.0;0.0;0.0;0.0;0.0
2018-8-28;0.0;0.0;0.0;0.0;0.0;5.256;12.873;20.8011;27.2361;31.3833;33.7134;34.107;32.3349;28.0335;21.9684;14.508;6.8688;0.4572;0.0;0.0;0.0;0.0;0.0;0.0
2018-8-29;0.0;0.0;0.0;0.0;0.0;5.175;11.2182;17.4513;22.0242;23.4468;5.4084;2.736;2.2308;3.3708;16.2687;8.718;6.6408;0.3492;0.0;0.0;0.0;0.0;0.0;0.0
2018-8-30;0.0;0.0;0.0;0.0;0.0;2.9211;7.0824;17.127;13.2096;21.8034;21.3912;26.7798;25.691999999999997;24.0021;19.4088;14.0154;6.5439;0.324;0.0;0.0;0.0;0.0;0.0;0.0
2018-8-31;0.0;0.0;0.0;0.0;0.0;5.2449;12.7461;20.6229;26.9802;30.6249;32.8455;32.6631;30.7662;26.8407;21.06;13.7601;6.3522;0.222;0.0;0.0;0.0;0.0;0.0;0.0
2018-9-1;0.0;0.0;0.0;0.0;0.0;5.2467;12.6621;20.4111;26.6199;30.7143;33.1275;33.2586;31.0401;27.6015;21.8613;14.0604;6.4968;0.1272;0.0;0.0;0.0;0.0;0.0;0.0
2018-9-2;0.0;0.0;0.0;0.0;0.0;4.2336;11.1864;14.832;19.6524;25.4376;31.0185;30.0999;27.3708;3.0924;3.0432;7.7742;4.0866;0.0;0.0;0.0;0.0;0.0;0.0;0.0
2018-9-3;0.0;0.0;0.0;0.0;0.0;4.1112;11.9946;14.7297;23.3364;15.0123;25.0629;23.2137;14.9814;15.0171;14.3283;9.399;3.5358;0.0;0.0;0.0;0.0;0.0;0.0;0.0
2018-9-4;0.0;0.0;0.0;0.0;0.0;4.5438;12.0738;20.1039;26.2311;31.0131;33.3951;33.5301;31.2606;26.9769;12.7998;6.87;1.7652;0.0;0.0;0.0;0.0;0.0;0.0;0.0
2018-9-5;0.0;0.0;0.0;0.0;0.0;1.6314;0.8064;3.3468;6.1686;19.6293;19.0077;2.4618;19.0815;26.8998;6.4488;0.9192;1.671;0.0;0.0;0.0;0.0;0.0;0.0;0.0
2018-9-6;0.0;0.0;0.0;0.0;0.0;3.0939;0.897;1.6032;6.6186;2.2008;3.1866;3.5496;3.5226;2.9874;1.287;1.7688;2.1762;0.0;0.0;0.0;0.0;0.0;0.0;0.0
2018-9-7;0.0;0.0;0.0;0.0;0.0;1.4868;3.5982;13.2549;11.6421;11.5968;17.4111;16.4049;23.7624;25.2618;19.5798;11.6034;4.3077;0.0;0.0;0.0;0.0;0.0;0.0;0.0
2018-9-8;0.0;0.0;0.0;0.0;0.0;4.3701;11.2887;18.9921;22.6716;22.254;31.191;31.4115;29.2719;25.2846;19.4499;11.7987;5.1924;0.0;0.0;0.0;0.0;0.0;0.0;0.0
2018-9-9;0.0;0.0;0.0;0.0;0.0;4.2282;10.9644;18.5724;24.6384;28.3821;30.7848;30.5562;27.8238;24.3606;18.5055;11.5692;4.1286;0.0;0.0;0.0;0.0;0.0;0.0;0.0
2018-9-10;0.0;0.0;0.0;0.0;0.0;3.8385;10.6332;18.2517;24.4251;28.3359;31.0464;31.0386;28.4742;24.0843;17.7189;10.8771;4.5324;0.0;0.0;0.0;0.0;0.0;0.0;0.0
2018-9-11;0.0;0.0;0.0;0.0;0.0;3.8103;10.4856;18.0153;23.8173;27.6039;29.1879;24.4452;25.6209;19.3983;17.2686;10.152000000000001;3.8745;0.0;0.0;0.0;0.0;0.0;0.0;0.0
2018-9-12;0.0;0.0;0.0;0.0;0.0;3.3405;10.1997;17.7963;24.0885;28.3092;30.6513;30.2301;28.2648;24.1668;18.2778;10.5813;4.158;0.0;0.0;0.0;0.0;0.0;0.0;0.0
2018-9-13;0.0;0.0;0.0;0.0;0.0;2.9223;9.7302;17.4726;23.5776;28.0422;30.2949;30.2175;28.1148;24.2115;17.9418;9.5211;3.2709;0.0;0.0;0.0;0.0;0.0;0.0;0.0
2018-9-14;0.0;0.0;0.0;0.0;0.0;2.4561;9.4905;17.205;23.8371;28.1391;30.678;30.5523;28.046999999999997;24.2067;17.8644;9.9408;3.549;0.0;0.0;0.0;0.0;0.0;0.0;0.0
2018-9-15;0.0;0.0;0.0;0.0;0.0;2.7912;9.1275;16.9338;23.7105;27.7566;29.859;29.3727;22.983;18.3471;15.9339;9.6876;3.4575;0.0;0.0;0.0;0.0;0.0;0.0;0.0
2018-9-16;0.0;0.0;0.0;0.0;0.0;2.5119;9.2253;16.8549;23.5257;27.744;27.0186;21.6156;17.3001;17.718;14.2509;9.4902;3.3786;0.0;0.0;0.0;0.0;0.0;0.0;0.0
2018-9-17;0.0;0.0;0.0;0.0;0.0;0.0039;7.272;9.1314;5.5056;3.1452;3.0534;4.7256;2.2674;3.444;5.1354;6.12;0.3642;0.0;0.0;0.0;0.0;0.0;0.0;0.0
2018-9-18;0.0;0.0;0.0;0.0;0.0;0.8583;4.41;10.5294;16.5093;17.9568;24.5952;21.4383;13.1661;8.2788;9.5583;7.3938;1.0164;0.0;0.0;0.0;0.0;0.0;0.0;0.0
2018-9-19;0.0;0.0;0.0;0.0;0.0;0.0522;2.049;11.2782;3.8478;2.7762;3.2976;2.1126;1.8798;1.4778;1.6608;1.047;0.0774;0.0;0.0;0.0;0.0;0.0;0.0;0.0
2018-9-20;0.0;0.0;0.0;0.0;0.0;0.6669;2.9757;8.2473;6.09;10.8417;23.6937;10.3755;14.76;2.1864;4.0776;1.869;0.9738;0.0;0.0;0.0;0.0;0.0;0.0;0.0
2018-9-21;0.0;0.0;0.0;0.0;0.0;1.1337;2.6688;5.0814;8.3205;6.3414;5.532;3.987;15.549000000000001;1.4609999999999999;2.5362;0.6474;0.3768;0.0;0.0;0.0;0.0;0.0;0.0;0.0
2018-9-22;0.0;0.0;0.0;0.0;0.0;1.8495;8.181000000000001;12.0528;20.5062;22.2939;21.3102;21.8754;17.7027;18.1032;15.2238;8.2467;1.8051;0.0;0.0;0.0;0.0;0.0;0.0;0.0
2018-9-23;0.0;0.0;0.0;0.0;0.0;1.9212;8.469;16.4964;22.5639;26.4549;27.2022;22.2063;19.6488;18.9435;15.1356;6.9819;1.6686;0.0;0.0;0.0;0.0;0.0;0.0;0.0
2018-9-24;0.0;0.0;0.0;0.0;0.0;1.2867;7.0707;10.8531;14.9802;18.7326;18.945;16.4178;20.6589;14.145;9.7728;3.9957;0.0264;0.0;0.0;0.0;0.0;0.0;0.0;0.0
2018-9-25;0.0;0.0;0.0;0.0;0.0;1.7031;7.9005;15.2946;22.0188;25.8156;27.5721;26.154;23.9538;20.5182;14.2293;7.1172;1.4124;0.0;0.0;0.0;0.0;0.0;0.0;0.0
2018-9-26;0.0;0.0;0.0;0.0;0.0;1.1238;6.7437;12.786;18.7968;23.7255;23.487;19.9797;19.0941;13.7829;11.9256;6.8073;0.8319;0.0;0.0;0.0;0.0;0.0;0.0;0.0
2018-9-27;0.0;0.0;0.0;0.0;0.0;1.2984;6.8601;14.3274;19.9485;21.2787;23.2734;21.7248;22.9074;19.5399;13.6002;6.6972;0.3282;0.0;0.0;0.0;0.0;0.0;0.0;0.0
2018-9-28;0.0;0.0;0.0;0.0;0.0;0.8811;6.4536;12.5019;20.3952;20.0067;26.7855;25.4493;9.7359;11.3301;10.5489;3.4212;0.1938;0.0;0.0;0.0;0.0;0.0;0.0;0.0
2018-9-29;0.0;0.0;0.0;0.0;0.0;0.8829;2.5437;12.9063;16.4916;20.7009;26.6409;26.5704;22.7847;17.142;12.4293;6.0123;0.1308;0.0;0.0;0.0;0.0;0.0;0.0;0.0
2018-9-30;0.0;0.0;0.0;0.0;0.0;0.171;6.9546;14.7207;18.0675;20.1984;22.7499;25.8795;19.794;13.7913;9.1206;4.7202;0.0;0.0;0.0;0.0;0.0;0.0;0.0;0.0
2018-10-1;0.0;0.0;0.0;0.0;0.0;0.4392;7.2153;14.1363;21.2619;25.5684;27.9567;27.6654;23.7822;18.9081;12.8799;5.1435;0.0;0.0;0.0;0.0;0.0;0.0;0.0;0.0
2018-10-2;0.0;0.0;0.0;0.0;0.0;0.0;4.8837;9.102;14.4366;23.8836;17.1417;7.6446;6.0252;3.3972;4.8852;1.8264;0.0;0.0;0.0;0.0;0.0;0.0;0.0;0.0
2018-10-3;0.0;0.0;0.0;0.0;0.0;0.0;1.8552;2.8566;4.3836;3.6744;6.617999999999999;3.9918;3.3888;5.3718;2.0082;0.4866;0.0;0.0;0.0;0.0;0.0;0.0;0.0;0.0
2018-10-4;0.0;0.0;0.0;0.0;0.0;0.0822;0.312;2.1522;3.3216;1.6716;6.4632;1.8588;1.6248;1.2174;4.4391;4.2603;0.0;0.0;0.0;0.0;0.0;0.0;0.0;0.0
2018-10-5;0.0;0.0;0.0;0.0;0.0;0.0;3.927;2.0112;2.6442;3.1368;9.1866;6.975;5.4564;4.4664;3.7452;0.1449;0.0;0.0;0.0;0.0;0.0;0.0;0.0;0.0
2018-10-6;0.0;0.0;0.0;0.0;0.0;0.0;3.3459;7.8261;4.9319999999999995;7.7784;14.7696;7.7874;11.8266;8.6253;6.6525;5.8422;0.0;0.0;0.0;0.0;0.0;0.0;0.0;0.0
2018-10-7;0.0;0.0;0.0;0.0;0.0;0.0;2.9189999999999996;4.3128;7.0299;6.5094;4.8828;5.0094;3.2748;6.3063;2.7858;5.2308;0.0;0.0;0.0;0.0;0.0;0.0;0.0;0.0
2018-10-8;0.0;0.0;0.0;0.0;0.0;0.0;3.3369;7.0101;11.1135;15.3336;8.085;7.9614;2.1972;2.7816;1.1772;1.9284;0.0;0.0;0.0;0.0;0.0;0.0;0.0;0.0
2018-10-9;0.0;0.0;0.0;0.0;0.0;0.0;5.343;12.0492;16.8186;14.3961;10.227;8.2866;4.9242;5.9841;3.072;2.6694;0.0;0.0;0.0;0.0;0.0;0.0;0.0;0.0
2018-10-10;0.0;0.0;0.0;0.0;0.0;0.0;2.6055;6.1977;6.5139;6.9882;16.5171;7.566;2.5758;5.3154;3.0144;2.1996;0.0;0.0;0.0;0.0;0.0;0.0;0.0;0.0
2018-10-11;0.0;0.0;0.0;0.0;0.0;0.0;0.8958;2.7972;4.7718;6.0474;4.2918;2.7738;1.4688;1.0584;2.0358;1.7805;0.0;0.0;0.0;0.0;0.0;0.0;0.0;0.0
2018-10-12;0.0;0.0;0.0;0.0;0.0;0.0;0.6342;5.4162;3.2778;3.5208;2.5662;2.2674;1.6428;3.147;1.3626;0.2064;0.0;0.0;0.0;0.0;0.0;0.0;0.0;0.0
2018-10-13;0.0;0.0;0.0;0.0;0.0;0.0;2.0748;3.0804;3.9294;3.2106;3.0036;2.8968;11.811;2.5422;3.5679;1.686;0.0;0.0;0.0;0.0;0.0;0.0;0.0;0.0
2018-10-14;0.0;0.0;0.0;0.0;0.0;0.0;0.9786;5.8338;15.5649;22.8036;24.522;22.1367;14.2749;3.7446;5.9718;1.0851;0.0;0.0;0.0;0.0;0.0;0.0;0.0;0.0
2018-10-15;0.0;0.0;0.0;0.0;0.0;0.0;3.5397;8.7801;16.5276;22.9275;21.9225;24.5853;21.6078;7.5234;4.95;1.8465;0.0;0.0;0.0;0.0;0.0;0.0;0.0;0.0
2018-10-16;0.0;0.0;0.0;0.0;0.0;0.0;2.0505;5.5326;8.5281;10.5729;10.0929;10.6089;8.693999999999999;7.7319;4.6746;1.6173;0.0;0.0;0.0;0.0;0.0;0.0;0.0;0.0
2018-10-17;0.0;0.0;0.0;0.0;0.0;0.0;2.2839;6.4119;9.4626;11.3286;11.7105;11.0502;9.6126;3.8298;1.7076;1.7736;0.0;0.0;0.0;0.0;0.0;0.0;0.0;0.0
2018-10-18;0.0;0.0;0.0;0.0;0.0;0.0;2.046;3.7167;4.629;3.906;8.3664;7.2726;4.0392;7.6848;0.3876;2.2011;0.0;0.0;0.0;0.0;0.0;0.0;0.0;0.0
2018-10-19;0.0;0.0;0.0;0.0;0.0;0.0;0.5118;1.7052;1.7904;3.9444;4.44;4.8348;5.2296;2.7768;0.4986;2.0802;0.0;0.0;0.0;0.0;0.0;0.0;0.0;0.0
2018-10-20;0.0;0.0;0.0;0.0;0.0;0.0;0.3528;1.2348;1.8852;2.511;5.43;3.7518;4.4592;3.3036;2.0778;0.6003;0.0;0.0;0.0;0.0;0.0;0.0;0.0;0.0
2018-10-21;0.0;0.0;0.0;0.0;0.0;0.0;0.3564;5.202000000000001;2.5752;2.5146;5.3694;4.1916;3.4812;2.544;3.3582;0.6969;0.0;0.0;0.0;0.0;0.0;0.0;0.0;0.0
2018-10-22;0.0;0.0;0.0;0.0;0.0;0.0;2.4321;8.2578;12.9138;16.7199;22.9152;19.4955;16.1316;14.4132;7.4886;1.3644;0.0;0.0;0.0;0.0;0.0;0.0;0.0;0.0
2018-10-23;0.0;0.0;0.0;0.0;0.0;0.0;2.6367;9.2634;15.4671;19.2078;20.5245;20.958000000000002;14.0631;10.7841;5.5053;1.2999;0.0;0.0;0.0;0.0;0.0;0.0;0.0;0.0
2018-10-24;0.0;0.0;0.0;0.0;0.0;0.0;1.4142;6.4698;9.5238;13.3638;13.3089;13.9302;15.905999999999999;12.8607;5.9139;0.861;0.0;0.0;0.0;0.0;0.0;0.0;0.0;0.0
2018-10-25;0.0;0.0;0.0;0.0;0.0;0.0;1.2156;1.2990000000000002;0.8142;2.7306;2.6724;9.0165;4.9974;4.6977;0.4842;0.2316;0.0;0.0;0.0;0.0;0.0;0.0;0.0;0.0
2018-10-26;0.0;0.0;0.0;0.0;0.0;0.0;0.8301;1.9698;2.4948;3.0780000000000003;1.4898;2.1888;1.6194;6.3291;1.7184;0.081;0.0;0.0;0.0;0.0;0.0;0.0;0.0;0.0
2018-10-27;0.0;0.0;0.0;0.0;0.0;0.0;1.2783;3.7878;9.372;5.4942;3.7032;14.9409;10.6233;6.1203;1.9206;0.0822;0.0;0.0;0.0;0.0;0.0;0.0;0.0;0.0
2018-10-28;0.0;0.0;0.0;0.0;0.0;0.0;2.4168;8.2788;13.0734;16.2966;20.9772;10.4796;10.1862;10.892999999999999;2.5284;0.0816;0.0;0.0;0.0;0.0;0.0;0.0;0.0;0.0
2018-10-29;0.0;0.0;0.0;0.0;0.0;0.0;0.0;1.1802;2.8848;1.6296;3.2712;13.1508;13.1757;8.5242;2.0988;0.0;0.0;0.0;0.0;0.0;0.0;0.0;0.0;0.0
2018-10-30;0.0;0.0;0.0;0.0;0.0;0.0;0.8448;3.2649;7.5102;16.6119;20.484;7.5474;15.1284;10.5966;3.3891;0.0;0.0;0.0;0.0;0.0;0.0;0.0;0.0;0.0
2018-10-31;0.0;0.0;0.0;0.0;0.0;0.0;0.7779;3.45;4.692;2.883;2.379;10.1838;8.4345;10.5453;3.2019;0.0;0.0;0.0;0.0;0.0;0.0;0.0;0.0;0.0
2018-11-1;0.0;0.0;0.0;0.0;0.0;0.0;0.5544;5.1048;5.9877;11.7108;9.2349;9.9609;7.1367;7.3806;0.2064;0.0;0.0;0.0;0.0;0.0;0.0;0.0;0.0;0.0
2018-11-2;0.0;0.0;0.0;0.0;0.0;0.0;0.7692;0.2808;2.0334;1.6926;4.0566;5.4306;9.3168;9.7533;2.9088;0.0;0.0;0.0;0.0;0.0;0.0;0.0;0.0;0.0
2018-11-3;0.0;0.0;0.0;0.0;0.0;0.0;0.5664;3.5751;6.1563;4.8666;1.869;4.0788;0.9359999999999999;3.057;0.285;0.0;0.0;0.0;0.0;0.0;0.0;0.0;0.0;0.0
2018-11-4;0.0;0.0;0.0;0.0;0.0;0.0;0.5949;5.268;11.690999999999999;16.9626;19.752;15.6198;11.874;10.0776;3.3417;0.0;0.0;0.0;0.0;0.0;0.0;0.0;0.0;0.0
2018-11-5;0.0;0.0;0.0;0.0;0.0;0.0;0.6414;3.2823;9.5673;15.7971;19.3752;15.378;12.6096;8.8917;3.5493;0.0;0.0;0.0;0.0;0.0;0.0;0.0;0.0;0.0
2018-11-6;0.0;0.0;0.0;0.0;0.0;0.0;0.4977;1.4634;1.9812;4.5162;6.2457;4.6566;2.5518;0.9654;0.1131;0.0;0.0;0.0;0.0;0.0;0.0;0.0;0.0;0.0
2018-11-7;0.0;0.0;0.0;0.0;0.0;0.0;0.1902;2.7807;6.1533;9.2586;16.2042;14.997;8.016;1.2012;1.9626;0.0;0.0;0.0;0.0;0.0;0.0;0.0;0.0;0.0
2018-11-8;0.0;0.0;0.0;0.0;0.0;0.0;0.6153;5.5704;11.6643;16.4073;17.6064;9.7449;8.0514;5.3118;1.2492;0.0;0.0;0.0;0.0;0.0;0.0;0.0;0.0;0.0
2018-11-9;0.0;0.0;0.0;0.0;0.0;0.0;0.0;2.772;9.8127;11.064;8.6829;8.9568;6.6384;6.0066;4.6449;0.0;0.0;0.0;0.0;0.0;0.0;0.0;0.0;0.0
2018-11-10;0.0;0.0;0.0;0.0;0.0;0.0;0.0;4.2696;4.2027;13.1598;10.665;6.2148;0.8136;2.7768;0.5579999999999999;0.0;0.0;0.0;0.0;0.0;0.0;0.0;0.0;0.0
2018-11-11;0.0;0.0;0.0;0.0;0.0;0.0;0.0;3.1323;6.1464;6.6087;10.1142;12.0573;8.1927;2.1918;0.0855;0.0;0.0;0.0;0.0;0.0;0.0;0.0;0.0;0.0
2018-11-12;0.0;0.0;0.0;0.0;0.0;0.0;0.0;2.0217;1.2708;2.3819999999999997;4.0656;4.1634;4.2612;1.5948;0.9456;0.0;0.0;0.0;0.0;0.0;0.0;0.0;0.0;0.0
2018-11-13;0.0;0.0;0.0;0.0;0.0;0.0;0.0;2.7569999999999997;5.8245;9.5445;2.562;1.2312;0.9972;0.6066;0.2532;0.0;0.0;0.0;0.0;0.0;0.0;0.0;0.0;0.0
2018-11-14;0.0;0.0;0.0;0.0;0.0;0.0;0.0;3.1722;3.4659;1.6032;3.963;2.2752;1.7808;4.4532;1.2822;0.0;0.0;0.0;0.0;0.0;0.0;0.0;0.0;0.0
2018-11-15;0.0;0.0;0.0;0.0;0.0;0.0;0.0;3.8898;6.5928;8.1528;9.3813;10.4142;12.2424;3.0924;2.2779;0.0;0.0;0.0;0.0;0.0;0.0;0.0;0.0;0.0
2018-11-16;0.0;0.0;0.0;0.0;0.0;0.0;0.0;0.9654;6.4134;2.3556;7.1103;7.5072;6.3543;3.1389;1.8861;0.0;0.0;0.0;0.0;0.0;0.0;0.0;0.0;0.0
2018-11-17;0.0;0.0;0.0;0.0;0.0;0.0;0.0;0.8238;3.147;2.0862;4.0638;2.6724;1.9722;0.9012;1.1439;0.0;0.0;0.0;0.0;0.0;0.0;0.0;0.0;0.0
2018-11-18;0.0;0.0;0.0;0.0;0.0;0.0;0.0;2.4357;5.3649;2.6418;1.7519999999999998;9.4092;9.3972;5.9613;2.9469;0.0;0.0;0.0;0.0;0.0;0.0;0.0;0.0;0.0
2018-11-19;0.0;0.0;0.0;0.0;0.0;0.0;0.0;1.1484;0.6234;4.4241;4.5276;5.6859;4.0098;5.5161;1.2045;0.0;0.0;0.0;0.0;0.0;0.0;0.0;0.0;0.0
2018-11-20;0.0;0.0;0.0;0.0;0.0;0.0;0.0;1.7133;2.1852;4.9164;12.2598;7.398;4.5603;5.7273;1.6461;0.0;0.0;0.0;0.0;0.0;0.0;0.0;0.0;0.0
2018-11-21;0.0;0.0;0.0;0.0;0.0;0.0;0.0;2.49;4.3194;9.0417;14.4792;14.2452;11.6205;7.188;2.8125;0.0;0.0;0.0;0.0;0.0;0.0;0.0;0.0;0.0
2018-11-22;0.0;0.0;0.0;0.0;0.0;0.0;0.0;3.0389999999999997;8.0721;12.8118;15.2682;14.4078;11.4642;7.0146;2.6676;0.0;0.0;0.0;0.0;0.0;0.0;0.0;0.0;0.0
2018-11-23;0.0;0.0;0.0;0.0;0.0;0.0;0.0;1.7658;5.4711;6.5451;11.0652;7.8246;9.9978;4.6386;1.5483;0.0;0.0;0.0;0.0;0.0;0.0;0.0;0.0;0.0
2018-11-24;0.0;0.0;0.0;0.0;0.0;0.0;0.0;1.6851;2.6301;3.0192;2.3154;1.92;1.9092;1.2228;0.9846;0.0;0.0;0.0;0.0;0.0;0.0;0.0;0.0;0.0
2018-11-25;0.0;0.0;0.0;0.0;0.0;0.0;0.0;1.7409;3.3492;3.0696;0.7944;2.4636;2.5554;0.5838;0.9459;0.0;0.0;0.0;0.0;0.0;0.0;0.0;0.0;0.0
2018-11-26;0.0;0.0;0.0;0.0;0.0;0.0;0.0;1.6128;4.9677;6.441;8.0148;9.9231;10.8309;6.585;2.1288;0.0;0.0;0.0;0.0;0.0;0.0;0.0;0.0;0.0
2018-11-27;0.0;0.0;0.0;0.0;0.0;0.0;0.0;0.1818;0.7674;5.1516;9.1518;1.3008;1.3926;1.6769999999999998;0.5622;0.0;0.0;0.0;0.0;0.0;0.0;0.0;0.0;0.0
2018-11-28;0.0;0.0;0.0;0.0;0.0;0.0;0.0;1.1286;3.9486;4.4901;3.7578;1.9608;1.05;2.0106;0.7593;0.0;0.0;0.0;0.0;0.0;0.0;0.0;0.0;0.0
2018-11-29;0.0;0.0;0.0;0.0;0.0;0.0;0.0;1.6092;5.9808;11.2653;10.9119;8.4519;9.9462;3.6099;0.2196;0.0;0.0;0.0;0.0;0.0;0.0;0.0;0.0;0.0
2018-11-30;0.0;0.0;0.0;0.0;0.0;0.0;0.0;1.6869;4.9569;5.3751;5.2899;1.911;1.2792;1.2348;0.5361;0.0;0.0;0.0;0.0;0.0;0.0;0.0;0.0;0.0
2018-12-1;0.0;0.0;0.0;0.0;0.0;0.0;0.0;0.5268;0.9570000000000001;1.6566;2.7492;1.6542;1.4616;1.8;1.0203;0.0;0.0;0.0;0.0;0.0;0.0;0.0;0.0;0.0
2018-12-2;0.0;0.0;0.0;0.0;0.0;0.0;0.0;1.5231;3.6405;1.6038;1.749;1.6518;1.0422;0.606;0.3258;0.0;0.0;0.0;0.0;0.0;0.0;0.0;0.0;0.0
2018-12-3;0.0;0.0;0.0;0.0;0.0;0.0;0.0;1.9080000000000001;3.8598;6.0534;2.259;1.2804;2.7510000000000003;0.6528;0.7227;0.0;0.0;0.0;0.0;0.0;0.0;0.0;0.0;0.0
2018-12-4;0.0;0.0;0.0;0.0;0.0;0.0;0.0;1.2209999999999999;5.9055;10.9473;12.8775;12.6696;10.1625;6.1368;2.1408;0.0;0.0;0.0;0.0;0.0;0.0;0.0;0.0;0.0
2018-12-5;0.0;0.0;0.0;0.0;0.0;0.0;0.0;1.6113;6.5241;10.9224;13.2915;13.1238;10.4802;6.3795;2.1981;0.0;0.0;0.0;0.0;0.0;0.0;0.0;0.0;0.0
2018-12-6;0.0;0.0;0.0;0.0;0.0;0.0;0.0;1.3137;5.0103;8.9124;6.2826;5.6295;3.8856;1.9122;0.3303;0.0;0.0;0.0;0.0;0.0;0.0;0.0;0.0;0.0
2018-12-7;0.0;0.0;0.0;0.0;0.0;0.0;0.0;1.1427;5.1036;8.448;10.5465;10.0902;9.0972;5.7027;1.9169999999999998;0.0;0.0;0.0;0.0;0.0;0.0;0.0;0.0;0.0
2018-12-8;0.0;0.0;0.0;0.0;0.0;0.0;0.0;1.2216;1.7808;6.0951;12.1548;11.3142;7.4859;4.8723;1.1001;0.0;0.0;0.0;0.0;0.0;0.0;0.0;0.0;0.0
2018-12-9;0.0;0.0;0.0;0.0;0.0;0.0;0.0;1.4136;5.0901;9.1116;1.4988;3.1194;2.4048;0.3594;0.087;0.0;0.0;0.0;0.0;0.0;0.0;0.0;0.0;0.0
2018-12-10;0.0;0.0;0.0;0.0;0.0;0.0;0.0;0.0882;0.9036;3.9288;7.3473;8.8761;1.7148;2.577;1.1451;0.0;0.0;0.0;0.0;0.0;0.0;0.0;0.0;0.0
2018-12-11;0.0;0.0;0.0;0.0;0.0;0.0;0.0;0.7083;1.5612;9.9714;0.6828;1.4412;2.055;1.2024;0.0;0.0;0.0;0.0;0.0;0.0;0.0;0.0;0.0;0.0
2018-12-12;0.0;0.0;0.0;0.0;0.0;0.0;0.0;0.1485;2.7186;2.4672;0.6828;2.37;1.1238;0.6426;0.0;0.0;0.0;0.0;0.0;0.0;0.0;0.0;0.0;0.0
2018-12-13;0.0;0.0;0.0;0.0;0.0;0.0;0.0;0.6444;4.8891;9.1665;12.5655;13.0011;10.3866;5.2962;0.7713;0.0;0.0;0.0;0.0;0.0;0.0;0.0;0.0;0.0
2018-12-14;0.0;0.0;0.0;0.0;0.0;0.0;0.0;0.5958;1.7364;2.7906;1.4832;2.52;2.1606;0.654;0.0;0.0;0.0;0.0;0.0;0.0;0.0;0.0;0.0;0.0
2018-12-15;0.0;0.0;0.0;0.0;0.0;0.0;0.0;0.5496;2.6136;3.3213;2.0538;1.755;1.6536;1.2312;0.1515;0.0;0.0;0.0;0.0;0.0;0.0;0.0;0.0;0.0
2018-12-16;0.0;0.0;0.0;0.0;0.0;0.0;0.0;0.9057;4.7532;8.7159;10.62;9.8079;8.118;5.8041;1.5357;0.0;0.0;0.0;0.0;0.0;0.0;0.0;0.0;0.0
2018-12-17;0.0;0.0;0.0;0.0;0.0;0.0;0.0;0.2994;4.8447;9.0069;11.0658;11.9682;9.774;5.8029;1.8366;0.0;0.0;0.0;0.0;0.0;0.0;0.0;0.0;0.0
2018-12-18;0.0;0.0;0.0;0.0;0.0;0.0;0.0;0.33299999999999996;2.3541;3.2334;2.5644;2.3532;1.9974;1.5642;0.2553;0.0;0.0;0.0;0.0;0.0;0.0;0.0;0.0;0.0
2018-12-19;0.0;0.0;0.0;0.0;0.0;0.0;0.0;0.3318;3.6051;5.7741;7.7109;9.9522;9.2046;4.6071;0.4998;0.0;0.0;0.0;0.0;0.0;0.0;0.0;0.0;0.0
2018-12-20;0.0;0.0;0.0;0.0;0.0;0.0;0.0;0.2244;4.4865;8.6313;11.3319;11.9436;9.8799;6.0942;1.9662;0.0;0.0;0.0;0.0;0.0;0.0;0.0;0.0;0.0
2018-12-21;0.0;0.0;0.0;0.0;0.0;0.0;0.0;0.1902;4.8888;9.4113;12.0795;12.2727;10.0677;6.1821;1.9248;0.0;0.0;0.0;0.0;0.0;0.0;0.0;0.0;0.0
2018-12-22;0.0;0.0;0.0;0.0;0.0;0.0;0.0;0.1908;4.8084;9.3453;12.0546;12.3069;9.9948;6.1179;1.9902;0.0;0.0;0.0;0.0;0.0;0.0;0.0;0.0;0.0
2018-12-23;0.0;0.0;0.0;0.0;0.0;0.0;0.0;0.0;4.3179;6.1371;3.1248;4.7022;3.0852;1.5642;0.723;0.0;0.0;0.0;0.0;0.0;0.0;0.0;0.0;0.0
2018-12-24;0.0;0.0;0.0;0.0;0.0;0.0;0.0;0.2562;0.4104;1.4814;2.1126;2.6088;2.2974;0.9108;0.4032;0.0;0.0;0.0;0.0;0.0;0.0;0.0;0.0;0.0
2018-12-25;0.0;0.0;0.0;0.0;0.0;0.0;0.0;0.1824;1.7829;4.5861;1.9842;1.8840000000000001;2.9262;0.9894;0.6612;0.0;0.0;0.0;0.0;0.0;0.0;0.0;0.0;0.0
2018-12-26;0.0;0.0;0.0;0.0;0.0;0.0;0.0;0.2118;2.5674;5.1861;5.2716;5.8641;6.1011;2.8986;0.1149;0.0;0.0;0.0;0.0;0.0;0.0;0.0;0.0;0.0
2018-12-27;0.0;0.0;0.0;0.0;0.0;0.0;0.0;0.0;1.665;4.071000000000001;4.56;3.4632;3.0948;2.7072;0.6933;0.0;0.0;0.0;0.0;0.0;0.0;0.0;0.0;0.0
2018-12-28;0.0;0.0;0.0;0.0;0.0;0.0;0.0;0.2544;3.1533;4.2927;2.7672;1.5192;4.8591;0.96;0.2196;0.0;0.0;0.0;0.0;0.0;0.0;0.0;0.0;0.0
2018-12-29;0.0;0.0;0.0;0.0;0.0;0.0;0.0;0.2208;2.7498;6.3264;7.8693;6.9873;6.0846;3.2322;0.4077;0.0;0.0;0.0;0.0;0.0;0.0;0.0;0.0;0.0
2018-12-30;0.0;0.0;0.0;0.0;0.0;0.0;0.0;0.156;4.791;9.6615;12.6348;13.0239;10.6761;6.7275;2.7105;0.0;0.0;0.0;0.0;0.0;0.0;0.0;0.0;0.0
2018-12-31;;0.0;0.0;0.0;0.0;0.0;0.0;0.1578;4.8942;9.7524;12.8313;13.1922;10.7682;6.8358;2.7783;0.0;0.0;0.0;0.0;0.0;0.0;0.0;0.0;0.0
