Date;week;0;1;2;3;4;5;6;7;8;9;10;11;12;13;14;15;16;17;18;19;20;21;22;23
2018-1-1;1;41.574;41.652;41.808;41.808;41.885999999999996;41.651999999999994;41.574;38.454;37.128;37.440000000000005;38.220000000000006;37.596000000000004;37.44;37.596000000000004;37.752;37.596000000000004;39.078;40.326;40.404;40.482;40.248;40.169999999999995;40.326;40.248
2018-1-2;1;40.559999999999995;40.482;40.169999999999995;40.169999999999995;40.404;40.482;43.524;46.878;50.622;49.296;48.204;47.424;47.034;47.034000000000006;47.190000000000005;48.906;51.558;47.891999999999996;45.94200000000001;42.587999999999994;42.432;42.276;40.482;40.56
2018-1-3;1;40.716;41.028;40.872;40.872;40.716;40.17;41.106;45.552;47.19;49.217999999999996;47.97;48.516;47.501999999999995;47.97;48.126;50.855999999999995;52.884;51.16799999999999;47.346;45.396;45.318;44.772;42.431999999999995;40.482
2018-1-4;1;41.105999999999995;40.56;40.872;40.794;40.638000000000005;42.51;44.304;48.984;47.112;47.501999999999995;47.19;45.55199999999999;46.019999999999996;47.268;47.346;50.699999999999996;52.961999999999996;50.232;47.501999999999995;43.28999999999999;42.89999999999999;42.744;41.808;41.808
2018-1-5;1;42.198;42.276;42.042;41.574;41.41799999999999;41.262;41.574;46.176;48.983999999999995;48.906000000000006;48.906;47.814;47.190000000000005;47.346;46.644;47.736;49.998000000000005;48.593999999999994;47.58;46.64399999999999;46.098;41.262;41.262;41.418
2018-1-6;0;41.34;41.028;41.028000000000006;41.184;41.262;41.106;41.418;40.638;39.78;38.454;38.61;38.766000000000005;38.688;38.766;38.843999999999994;38.454;38.922;40.715999999999994;41.262;41.028;42.275999999999996;42.432;41.574;41.495999999999995
2018-1-7;0;41.418;41.418;41.574;41.34;41.495999999999995;41.34;41.34;40.794;38.532000000000004;38.532;38.688;38.376;38.61;38.22;38.61;40.56;40.716;41.34;41.34;41.105999999999995;41.028;40.872;41.028;40.872
2018-1-8;1;41.028000000000006;41.028;40.95;40.95;41.106;40.794;42.666000000000004;47.736;55.769999999999996;55.302;54.053999999999995;52.338;51.324;51.714;51.089999999999996;53.196;56.628;53.117999999999995;48.282;47.424;45.708000000000006;41.495999999999995;40.95;41.105999999999995
2018-1-9;1;41.495999999999995;41.262;40.872;40.716;40.95;40.716;41.495999999999995;47.346000000000004;51.01199999999999;50.62199999999999;50.31;48.827999999999996;48.126000000000005;48.906000000000006;49.842;50.544;55.769999999999996;51.714;49.062;47.814;47.42400000000001;44.928000000000004;42.744;42.588
2018-1-10;1;42.666;42.276;41.808;42.042;41.808;41.496;45.864;46.800000000000004;51.792;53.117999999999995;52.961999999999996;50.7;50.31;50.153999999999996;52.182;53.274;56.394;51.402;48.36;45.552;45.318;44.928000000000004;44.928;41.73
2018-1-11;1;41.495999999999995;41.418;41.418;41.184;41.184;41.105999999999995;42.432;46.644;52.416000000000004;52.571999999999996;53.118;50.544000000000004;48.438;51.168;51.245999999999995;55.614;59.592;54.912000000000006;50.622;49.217999999999996;46.332;42.977999999999994;42.666;41.34
2018-1-12;1;41.339999999999996;41.496;41.34;41.106;41.262;42.51;44.694;46.332;48.75;51.480000000000004;50.31;48.594;47.658;49.217999999999996;48.672;48.204;53.586;49.763999999999996;47.501999999999995;45.474000000000004;42.977999999999994;43.056000000000004;42.354;40.872
2018-1-13;0;40.87199999999999;40.872;40.794;40.638000000000005;40.794;40.403999999999996;40.17;37.986000000000004;38.142;37.83;38.142;38.22;38.454;38.844;39.0;38.688;39.312000000000005;41.184;41.80800000000001;41.262;41.262;40.95;40.95;40.638000000000005
2018-1-14;0;40.716;40.638000000000005;40.794;40.716;40.326;40.17;39.623999999999995;39.546;39.0;38.064;38.298;37.986;38.688;38.844;39.156;39.312;40.716;42.042;42.19799999999999;41.106;40.403999999999996;40.794;40.56;40.248
2018-1-15;1;40.794;40.482;40.326;40.248;40.794;40.482;42.588;46.098;53.196;53.586;51.402;49.218;48.90599999999999;48.438;47.658;46.956;50.778;51.714;48.672;47.42399999999999;47.111999999999995;42.354;40.95;41.496
2018-1-16;1;41.262;41.184;41.418000000000006;41.262;41.574;40.716;41.106;46.722;51.558;51.480000000000004;51.791999999999994;49.29599999999999;46.488;47.268;48.282;50.856;52.416;49.92;46.878;45.63;42.51;40.716;40.482000000000006;40.403999999999996
2018-1-17;1;40.326;40.326;40.326;40.32599999999999;40.014;39.93599999999999;41.418;45.708000000000006;52.727999999999994;52.650000000000006;48.126;47.424;47.424;49.608;48.984;49.998;53.274;49.68599999999999;48.047999999999995;46.331999999999994;43.68000000000001;41.105999999999995;40.638000000000005;40.403999999999996
2018-1-18;1;40.872;40.56;40.56;40.248000000000005;40.403999999999996;40.56;40.56;45.94199999999999;50.388000000000005;50.31;50.076;48.827999999999996;48.672;48.984;49.062;52.806;54.054;50.934;48.204;46.878;46.098;44.226;40.716;41.184
2018-1-19;1;40.95;40.95;40.794;40.638000000000005;40.794;40.638;41.495999999999995;46.02;50.7;50.77799999999999;49.217999999999996;48.048;47.736;47.034000000000006;47.034;45.63;50.465999999999994;48.906;47.346000000000004;45.162;44.693999999999996;42.19799999999999;40.95;41.028
2018-1-20;0;40.638000000000005;40.638000000000005;40.56;40.63799999999999;40.872;40.482;40.326;39.39;37.596000000000004;37.751999999999995;37.596000000000004;37.44;37.830000000000005;38.376;38.064;38.142;39.234;40.716;41.262;40.794;40.715999999999994;40.716;40.716;40.794
2018-1-21;0;40.794;41.028;40.794;40.638000000000005;40.794;40.482;40.403999999999996;40.248;38.22;37.596000000000004;37.518;37.908;37.908;38.064;38.22;37.830000000000005;38.766;40.716;40.403999999999996;40.013999999999996;40.17;40.638;40.638000000000005;40.715999999999994
2018-1-22;1;40.482000000000006;40.482;40.794;40.482;40.482;40.482;41.886;46.098;50.544;49.452;49.14;48.594;47.502;47.97;47.268;47.658;50.388;49.29599999999999;46.878;45.785999999999994;44.538;40.638000000000005;40.48199999999999;40.48199999999999
2018-1-23;1;40.56;40.17;40.638000000000005;40.248;40.248;40.248;41.652;47.034;53.82;52.494;50.544;49.998000000000005;47.501999999999995;48.438;48.36;49.062;51.168;49.452000000000005;47.814;46.488;45.785999999999994;42.900000000000006;40.872;40.794
2018-1-24;1;41.262;40.638;40.794;40.56;42.275999999999996;42.120000000000005;45.474000000000004;46.721999999999994;51.635999999999996;51.402;50.622;49.686;46.8;47.891999999999996;47.736000000000004;48.516;53.507999999999996;50.465999999999994;48.048;46.878;43.914;41.886;41.885999999999996;41.652
2018-1-25;1;41.496;41.262;41.105999999999995;41.028;41.184;41.105999999999995;43.368;48.282;51.635999999999996;49.68600000000001;47.97;47.736000000000004;46.8;47.268;47.346000000000004;46.019999999999996;51.480000000000004;49.919999999999995;48.20399999999999;47.034;43.992000000000004;41.574;41.184000000000005;40.872
2018-1-26;1;40.638;40.638;40.794;40.716;40.248;40.872;42.432;49.763999999999996;55.146;50.699999999999996;50.934;49.217999999999996;47.892;47.58;47.346;47.346000000000004;51.94800000000001;50.076;46.800000000000004;44.538000000000004;42.9;42.198;41.184;40.482
2018-1-27;0;40.482;40.092;39.936;40.17;40.404;40.326;40.013999999999996;39.0;37.518;37.83;37.83;38.844;38.298;38.22;38.376000000000005;37.986000000000004;38.532000000000004;41.339999999999996;41.184000000000005;41.184;41.652;40.794;40.404;40.716
2018-1-28;0;40.794;40.716;40.716;40.715999999999994;40.794000000000004;40.716;40.715999999999994;39.312;38.064;37.596000000000004;38.064;38.376000000000005;38.22;38.376;38.376;38.454;39.936;42.354;42.354;41.028000000000006;41.339999999999996;40.794000000000004;40.56;40.715999999999994
2018-1-29;1;41.184;40.95;40.872;40.716;41.262;41.106;42.354;49.842;55.848;52.806000000000004;51.636;50.309999999999995;49.373999999999995;49.529999999999994;49.452;50.388;53.82;49.608;48.438;46.254;43.992000000000004;41.574;41.495999999999995;41.80800000000001
2018-1-30;1;41.964;42.198;42.042;41.964;41.886;42.042;42.275999999999996;45.942;49.14;50.232;50.622;48.594;48.282;49.062;48.906000000000006;48.282;49.608;52.260000000000005;49.14;46.8;46.254000000000005;45.162;42.822;42.198
2018-1-31;1;42.275999999999996;42.042;41.808;41.964;41.808;41.652;41.73;46.019999999999996;49.53;49.763999999999996;49.53;49.14;47.658;48.438;49.218;50.154;52.416;50.31;48.75000000000001;48.984;46.488;42.978;42.51;43.056
2018-2-1;1;42.744;42.588;42.666;42.354;42.354;41.964;43.056;46.332;51.324;51.401999999999994;52.104;51.402;49.919999999999995;50.31;50.309999999999995;50.388000000000005;52.104;52.104;49.452;48.75;45.396;42.275999999999996;42.198;42.588
2018-2-2;1;42.666;42.744;42.432;42.432;42.432;42.120000000000005;42.51;45.396;48.282;50.309999999999995;50.07600000000001;49.529999999999994;47.658;47.346;49.53;47.97;51.012;49.218;47.658;44.382000000000005;42.354;42.744;42.276;42.275999999999996
2018-2-3;0;42.198;42.120000000000005;42.198;42.042;42.198;42.275999999999996;41.964;40.092;39.39;39.623999999999995;39.156;39.39;39.624;39.702;39.702000000000005;39.78;39.858000000000004;41.885999999999996;42.510000000000005;42.120000000000005;42.275999999999996;42.042;42.198;42.120000000000005
2018-2-4;0;42.275999999999996;42.12;42.354;41.808;41.964000000000006;42.042;42.354;39.936;39.312;39.312;39.078;39.234;39.468;39.39;39.156000000000006;39.0;40.56;43.056;43.914;43.212;42.432;42.198;42.275999999999996;42.510000000000005
2018-2-5;1;42.354;42.432;42.276;42.276;42.275999999999996;41.652;42.198;46.254;51.87;51.401999999999994;50.544;49.373999999999995;47.97;49.452;49.296;47.346000000000004;49.062;50.778;48.983999999999995;48.36;47.19;42.432;41.885999999999996;41.808
2018-2-6;1;41.730000000000004;41.730000000000004;41.808;41.418;41.495999999999995;41.496;42.977999999999994;47.658;50.544;51.09;50.855999999999995;48.593999999999994;47.424;47.657999999999994;48.90599999999999;48.516;51.089999999999996;51.16799999999999;49.062;47.268;45.552;42.744;42.666;42.354
2018-2-7;1;42.51;42.120000000000005;41.964000000000006;41.964;42.12;41.964;42.588;45.006;50.934;52.26;52.884;51.558;49.842;50.7;51.089999999999996;51.401999999999994;52.416;53.43000000000001;50.544;48.672;48.516000000000005;44.304;42.744;42.744
2018-2-8;1;42.744;42.744;42.510000000000005;42.432;42.198;41.808;41.964;46.41;52.416;54.21;53.586;50.778000000000006;49.062;50.31;50.7;49.764;52.260000000000005;50.076;47.736000000000004;46.33200000000001;44.147999999999996;42.9;41.808;41.652
2018-2-9;1;41.964000000000006;41.808;41.652;41.418;41.652;41.574;41.808;45.162;51.168;51.86999999999999;50.934;48.827999999999996;47.19;47.736;47.892;49.217999999999996;52.025999999999996;52.26;48.282;47.19;45.006;42.12;41.964;42.042
2018-2-10;0;42.042;41.808;41.885999999999996;41.886;42.042;41.964;41.964;39.78;39.0;38.844;39.156;39.312;39.0;39.312;39.312000000000005;39.624;39.702;40.794;42.120000000000005;42.666;42.51;41.886;42.042;41.73
2018-2-11;0;41.73;42.042;41.808;41.885999999999996;41.808;41.964;41.496;39.233999999999995;38.922;39.0;39.0;39.156;39.312;39.312;39.156;39.156;39.0;40.872;42.588;42.354;42.12;41.964000000000006;41.730000000000004;41.808
2018-2-12;1;41.964;41.964;41.964;41.808;41.808;41.34;42.120000000000005;46.800000000000004;55.77;55.848;54.21;52.572;49.998000000000005;51.245999999999995;50.934;51.402;52.571999999999996;52.962;49.217999999999996;49.296;46.02;43.602;42.354;42.19800000000001
2018-2-13;1;42.198;41.964;41.964;42.041999999999994;42.042;41.808;42.198;46.644;51.714;54.21;51.246;48.126;48.126;49.29600000000001;48.516000000000005;48.672;49.062;50.544;47.97;47.97;46.566;42.432;42.275999999999996;42.198
2018-2-14;1;42.354;41.886;42.198;41.808;41.808;41.574;41.964;43.446;50.544;51.558;51.55800000000001;50.154;48.906;48.827999999999996;49.53;47.58;48.048;52.104;50.77799999999999;47.97;44.849999999999994;41.964;41.885999999999996;41.964
2018-2-15;1;42.275999999999996;41.808;42.042;41.964;41.574;41.73;42.354;43.29;51.012;53.742;53.274;51.55799999999999;52.026;55.614000000000004;56.862;51.558;50.778;52.416000000000004;49.296;48.048;46.098;42.977999999999994;42.9;42.666
2018-2-16;1;42.977999999999994;43.28999999999999;42.978;42.89999999999999;42.978;42.822;42.744;46.019999999999996;52.806;54.21;53.196;50.388000000000005;48.048;48.516;48.983999999999995;50.076;52.416;52.572;49.608;47.736;47.814;45.708;44.226;42.744
2018-2-17;0;43.212;42.978;42.821999999999996;42.744;42.822;42.666;42.354;39.623999999999995;40.482;40.872;40.638;41.105999999999995;40.638;40.638000000000005;40.092;40.32599999999999;40.638;41.184;42.821999999999996;42.51;42.275999999999996;43.368;42.900000000000006;42.744
2018-2-18;0;42.666;42.82199999999999;42.821999999999996;42.821999999999996;42.432;42.198;41.885999999999996;39.858;39.858000000000004;39.39;40.092;39.936;39.702;40.56;40.013999999999996;39.78;39.623999999999995;40.872;42.822;42.666000000000004;42.120000000000005;42.354;42.275999999999996;42.354
2018-2-19;1;42.666;42.588;42.51;42.198;42.275999999999996;42.354;42.51;45.708;50.699999999999996;51.012;49.686;48.672;48.282;48.126000000000005;47.19;47.501999999999995;48.048;49.764;49.842;49.686;47.501999999999995;43.28999999999999;42.822;42.977999999999994
2018-2-20;1;42.666;42.744;42.977999999999994;42.588;42.89999999999999;42.51;42.432;44.85;51.16799999999999;51.558;49.842;49.53;49.062;48.36;48.906;49.608;49.14;51.09;49.452000000000005;47.658;44.772;42.51;43.134;42.666
2018-2-21;1;42.89999999999999;42.588;42.51;42.431999999999995;42.12;41.964;42.120000000000005;45.24;51.401999999999994;51.48;48.906;47.658;48.437999999999995;49.68600000000001;48.984;47.501999999999995;45.474;49.686;49.68600000000001;45.864;44.85;43.212;42.822;42.744
2018-2-22;1;43.134;43.134;42.432;42.588;42.275999999999996;42.354;41.652;44.538000000000004;49.92;51.55799999999999;50.934;48.204;46.8;47.346000000000004;46.566;46.33200000000001;44.928;49.29599999999999;48.36;46.019999999999996;45.318;42.12;42.354;42.275999999999996
2018-2-23;1;42.977999999999994;42.744;42.432;41.964;42.275999999999996;42.198;42.12;43.758;50.622;50.07599999999999;50.7;49.29600000000001;49.452;48.126000000000005;48.36;45.864;44.382000000000005;49.998000000000005;49.608;49.218;49.218;46.176;44.928;43.134
2018-2-24;0;42.666000000000004;43.13399999999999;42.588;42.978;42.276;42.51;42.431999999999995;39.624;39.623999999999995;39.702;39.546;39.546;39.858;40.326;39.624;39.78;40.404;40.482;41.886;41.652;41.496;41.808;41.574;41.886
2018-2-25;0;41.808;41.496;41.964;41.652;41.262;41.808;41.028;39.312;39.546;38.922;39.156;39.312;39.0;39.468;39.234;39.156;38.844;39.936;42.588;43.367999999999995;42.120000000000005;42.042;42.510000000000005;42.275999999999996
2018-2-26;1;41.964000000000006;42.120000000000005;42.120000000000005;42.12;42.432;42.510000000000005;41.885999999999996;43.836;51.168;51.635999999999996;53.742;50.388000000000005;49.53;49.92;49.452;48.438;46.332;49.608000000000004;48.75;45.474;44.772;43.523999999999994;42.120000000000005;41.652
2018-2-27;1;41.885999999999996;41.574;41.73;41.418000000000006;41.184;41.418000000000006;41.49600000000001;45.084;51.47999999999999;51.635999999999996;51.48;49.452;47.268;47.736;48.126000000000005;48.047999999999995;47.034;49.68599999999999;49.686;47.814;46.098;42.432;42.19799999999999;42.198
2018-2-28;1;42.510000000000005;42.275999999999996;42.198;42.041999999999994;42.432;41.730000000000004;41.808;43.134;48.204;48.516000000000005;48.516;47.19;46.565999999999995;47.424;45.552;45.084;43.602;49.373999999999995;49.062;47.346;43.524;41.730000000000004;41.652;41.418
2018-3-1;1;42.354;42.12;42.510000000000005;42.120000000000005;42.19800000000001;42.354;44.07;44.85;56.394000000000005;57.72;53.352;48.048;46.878;47.502;46.644;46.41;46.098;50.544;48.984;48.36;47.111999999999995;43.757999999999996;42.744;42.275999999999996
2018-3-2;1;42.354;42.275999999999996;42.50999999999999;41.808;42.275999999999996;42.12;42.51;46.019999999999996;52.416;53.42999999999999;53.976;52.65;49.92;49.608;51.168;50.778000000000006;48.983999999999995;50.465999999999994;49.452;46.331999999999994;45.162;42.822;41.808;42.042
2018-3-3;0;42.042;42.275999999999996;41.808;42.120000000000005;41.574;41.73;40.794;39.234;38.766;39.078;39.467999999999996;40.092;39.702;40.248;39.546;39.468;39.0;39.156;43.992000000000004;45.24;44.459999999999994;42.822;42.432;42.432
2018-3-4;0;42.744;42.431999999999995;42.588;42.432;42.977999999999994;42.744;40.716;39.702;39.936;39.39;40.326;40.17;39.936;40.17;40.248;40.248;40.326;40.092;43.134;42.510000000000005;42.432;42.198;42.354;42.12
2018-3-5;1;42.432;42.198;41.964;42.12;41.964;41.964;41.184000000000005;44.459999999999994;52.25999999999999;50.855999999999995;51.09;50.544;49.763999999999996;49.68600000000001;51.012;51.246;51.635999999999996;50.934;50.153999999999996;48.593999999999994;46.956;43.446;43.524;43.134
2018-3-6;1;43.056;42.9;42.9;42.666;42.978;42.9;42.51;43.992000000000004;53.507999999999996;55.302;54.054;51.635999999999996;49.842;51.558;50.62199999999999;52.728;53.196000000000005;53.196;49.373999999999995;47.814;46.644000000000005;42.9;42.977999999999994;43.056
2018-3-7;1;42.89999999999999;42.744;42.587999999999994;42.354;42.510000000000005;42.588;42.042;44.85;51.324000000000005;51.714;51.714;50.778;49.452;50.38799999999999;50.7;51.48;56.081999999999994;52.416000000000004;49.842;47.657999999999994;46.410000000000004;44.538;43.367999999999995;42.9
2018-3-8;1;43.211999999999996;42.89999999999999;42.822;42.666;42.821999999999996;42.666;42.978;47.111999999999995;58.188;58.343999999999994;53.196;51.480000000000004;50.153999999999996;49.92;49.686;49.53;50.466;49.608;49.452;48.594;45.942;43.836;43.21199999999999;43.056
2018-3-9;1;43.212;42.666;42.822;42.510000000000005;42.588;42.354;41.651999999999994;43.914;49.998;49.92;48.75;48.126;48.827999999999996;48.672;48.593999999999994;48.438;47.42399999999999;50.38799999999999;49.14;47.891999999999996;47.58;47.346000000000004;43.602;42.666
2018-3-10;0;42.666;42.588;42.432;42.744;42.51;42.432;40.95;40.17;39.936;40.17;40.403999999999996;40.638;40.56;40.403999999999996;40.559999999999995;40.404;40.169999999999995;40.403999999999996;42.666;42.354;42.666;42.510000000000005;42.510000000000005;42.588
2018-3-11;0;43.446;42.510000000000005;42.510000000000005;42.51;42.276;42.276;40.482;39.936;40.013999999999996;40.092;40.169999999999995;40.715999999999994;41.105999999999995;41.964;41.964;41.652;41.262;42.275999999999996;44.382;43.914;43.836;43.446;43.992;44.382
2018-3-12;1;44.226;43.836;43.913999999999994;43.524;44.538000000000004;43.211999999999996;43.13399999999999;46.955999999999996;51.635999999999996;50.778000000000006;51.245999999999995;50.934000000000005;48.593999999999994;50.466;51.012;53.82;56.471999999999994;52.182;50.076;48.516;44.694;42.977999999999994;42.821999999999996;43.602000000000004
2018-3-13;1;43.29;43.212;43.056;43.056;42.9;43.056;41.730000000000004;45.083999999999996;49.998000000000005;50.388;49.218;49.062;48.75;50.699999999999996;51.245999999999995;50.778;48.90599999999999;50.778;49.374;48.048;46.41;43.757999999999996;43.524;43.446
2018-3-14;1;42.900000000000006;43.212;42.9;43.29;42.821999999999996;42.977999999999994;41.339999999999996;45.396;50.544000000000004;51.324;52.728;51.870000000000005;51.324;51.792;53.43;53.742000000000004;55.614;50.778000000000006;48.593999999999994;47.346000000000004;47.19;44.147999999999996;42.744;42.74400000000001
2018-3-15;1;43.212;42.587999999999994;42.510000000000005;42.19799999999999;42.666;42.510000000000005;40.794;44.304;48.204;49.217999999999996;50.07599999999999;48.672000000000004;48.20399999999999;48.126000000000005;48.594;49.764;48.20400000000001;47.736;48.672;47.346;46.8;43.836;42.821999999999996;43.056
2018-3-16;1;42.821999999999996;43.13399999999999;43.212;43.134;42.978;42.978;41.262;45.084;51.714;53.117999999999995;53.507999999999996;50.934;51.08999999999999;51.948;52.961999999999996;51.246;49.374;49.14;49.218;48.906;45.474;44.147999999999996;42.900000000000006;42.89999999999999
2018-3-17;0;42.51;42.588;42.276;42.666;42.12;41.964;41.808;40.013999999999996;40.169999999999995;39.468;39.858;40.014;40.482;40.403999999999996;40.403999999999996;40.014;39.93599999999999;39.546;41.885999999999996;41.964;41.808;41.808;42.041999999999994;41.73
2018-3-18;0;41.730000000000004;41.418000000000006;42.12;41.339999999999996;41.652;41.106;39.078;39.0;39.078;39.156;39.078;39.624;39.702;39.546;39.39;39.156;39.624;39.312;42.042;41.964;41.730000000000004;41.652;42.120000000000005;42.120000000000005
2018-3-19;1;41.808;41.808;41.574;41.652;41.885999999999996;41.574000000000005;39.936;46.332;53.82;55.769999999999996;54.52199999999999;51.245999999999995;50.699999999999996;50.856;50.076;49.686;48.59400000000001;47.58;48.516000000000005;47.814;47.580000000000005;42.9;43.056;42.275999999999996
2018-3-20;1;42.51;42.198;42.354;41.885999999999996;42.042;41.885999999999996;41.886;45.318000000000005;51.94799999999999;51.635999999999996;52.104;48.672;48.204;48.906;50.232;51.870000000000005;50.7;46.878;48.828;48.594;45.864000000000004;44.693999999999996;43.212;42.744
2018-3-21;1;42.977999999999994;42.822;42.744;42.587999999999994;42.51;42.432;40.715999999999994;45.63;50.232;49.842;49.763999999999996;48.36;48.75;50.388000000000005;50.856;49.062;48.594;47.112;48.516000000000005;46.644;45.318000000000005;44.07;42.978;43.134
2018-3-22;1;43.212;43.056000000000004;42.977999999999994;42.744;43.056;42.51;40.949999999999996;44.616;50.699999999999996;50.856;51.012;50.232;50.778;49.763999999999996;49.764;48.672000000000004;46.722;45.006;48.827999999999996;48.827999999999996;46.098;43.68;43.992000000000004;43.992000000000004
2018-3-23;1;43.524;43.134;43.524;43.28999999999999;43.602000000000004;42.198;41.885999999999996;43.914;49.764;50.544000000000004;48.828;47.346000000000004;47.736000000000004;48.75;48.204;47.190000000000005;45.942;44.382000000000005;49.608000000000004;49.296;48.20399999999999;45.084;43.446;43.68
2018-3-24;0;43.29;43.367999999999995;43.28999999999999;43.28999999999999;43.056;43.212;42.12;40.872;40.559999999999995;40.404;40.95;40.95;40.716;40.482;40.56;40.716;40.638000000000005;40.403999999999996;40.715999999999994;43.602000000000004;43.446;43.446000000000005;43.290000000000006;43.13399999999999
2018-3-25;0;43.446;43.28999999999999;;43.28999999999999;43.367999999999995;42.977999999999994;42.276;40.248;40.248;40.404;41.106;42.042;41.964;41.495999999999995;41.808;41.574;41.418000000000006;41.808;41.730000000000004;43.446;43.67999999999999;44.226;44.07;43.836
2018-3-26;1;43.757999999999996;43.836;43.523999999999994;43.446000000000005;43.758;43.524;42.666;46.331999999999994;53.664;54.678;55.536;54.053999999999995;53.43;53.274;53.274;52.571999999999996;50.076;45.864;46.332;47.891999999999996;46.41;44.07;44.226;43.992
2018-3-27;1;44.07;43.602;43.68;43.602;43.602;43.367999999999995;42.822;44.303999999999995;52.884;52.806;52.494;52.260000000000005;50.388;50.466;49.92;50.232;48.047999999999995;45.55200000000001;44.772;46.331999999999994;46.176;44.928;44.46;44.303999999999995
2018-3-28;1;43.602;43.992;43.913999999999994;43.134;44.382;43.992000000000004;42.744;43.056;50.856;50.855999999999995;49.686;49.373999999999995;48.438;49.68600000000001;49.842;49.608000000000004;48.516000000000005;46.488;46.41;50.31;46.800000000000004;44.148;43.446;44.459999999999994
2018-3-29;1;43.28999999999999;43.290000000000006;43.368;42.977999999999994;43.134;43.758;43.056;45.396;50.778000000000006;52.572;51.09;50.076;50.7;52.026;50.622;49.374;46.644000000000005;44.849999999999994;44.772;47.034;45.084;44.849999999999994;44.147999999999996;42.978
2018-3-30;1;43.29;43.757999999999996;43.29;42.822;43.134;42.822;41.34;40.326;40.17;40.872;40.794000000000004;40.872;41.184;41.652;41.886;41.418;41.730000000000004;42.198;41.808;43.914;42.744;42.822;42.89999999999999;42.822
2018-3-31;0;43.29;42.666;42.744;42.89999999999999;42.821999999999996;42.821999999999996;42.354;40.715999999999994;40.638000000000005;41.028;40.794;40.95;41.574;40.95;41.339999999999996;42.276;41.495999999999995;40.794;41.184;43.211999999999996;43.68;43.523999999999994;43.524;43.524
2018-4-1;0;43.836;44.147999999999996;43.446;43.68;43.68;43.212;42.354;40.482;40.638;40.872;40.638000000000005;40.716;40.56;40.794;40.715999999999994;40.638000000000005;40.716;40.794;40.716;41.652;42.89999999999999;42.977999999999994;42.588;42.9
2018-4-2;1;43.212;43.056;42.744;42.744;42.9;42.744;41.652;40.482;40.56;40.56;40.716;41.105999999999995;41.028;40.95;40.95;41.339999999999996;41.106;41.028;41.730000000000004;41.808;44.46;43.524;43.602000000000004;43.134
2018-4-3;1;43.367999999999995;43.211999999999996;42.977999999999994;43.134;43.211999999999996;42.744;41.808;43.602000000000004;49.452;51.246;50.388;49.763999999999996;49.296;49.608000000000004;50.388;48.594;47.814;46.176;43.211999999999996;46.019999999999996;45.239999999999995;43.446;43.134;43.446
2018-4-4;1;43.446000000000005;42.822;42.821999999999996;42.822;43.212;42.744;42.198;43.134;51.168;50.388;50.465999999999994;50.46600000000001;49.14;49.452;48.437999999999995;48.906000000000006;47.81400000000001;44.538;43.28999999999999;45.708;47.736;48.906;45.94200000000001;44.772
2018-4-5;1;43.914;43.446;43.68;43.367999999999995;43.446000000000005;43.056000000000004;41.73;43.758;49.217999999999996;49.374;50.934;48.594;48.048;48.36;48.048;46.956;46.098000000000006;45.396;43.67999999999999;46.878;48.204;45.318;44.07;44.07
2018-4-6;1;43.602;44.07;44.07;43.524;43.68;43.211999999999996;42.822;44.226;51.168;52.416000000000004;52.260000000000005;51.948;49.452;48.906000000000006;49.686;48.36;47.502;44.616;42.588;42.744;44.616;43.212;42.978;42.977999999999994
2018-4-7;0;43.290000000000006;42.666;42.588;42.89999999999999;42.744;42.587999999999994;40.716;41.028;40.872;41.184;41.262;41.34;41.262;40.794;40.794;40.872;41.262;41.339999999999996;41.262;41.730000000000004;43.212;43.056;43.368;43.68
2018-4-8;0;44.693999999999996;44.382;44.304;44.304;44.07;44.147999999999996;41.964000000000006;42.354;42.120000000000005;40.872;41.262;41.184;41.652;41.262;41.106;41.652;41.574;41.652;41.339999999999996;44.304;45.396;44.304;44.07;44.304
2018-4-9;1;44.46;44.07;44.538000000000004;44.538000000000004;44.382;44.382;41.808;44.694;50.466;53.118;51.168000000000006;50.076;48.984;50.77799999999999;50.544;49.217999999999996;49.062;45.318;42.666;45.239999999999995;47.892;45.786;45.006;43.446
2018-4-10;1;43.992;44.538;43.992;43.836;43.212;42.822;41.574;44.382;50.855999999999995;50.388000000000005;50.07599999999999;48.437999999999995;48.827999999999996;50.465999999999994;49.296;51.09;48.906;44.928;43.992;46.800000000000004;45.786;44.07;43.68;43.446
2018-4-11;1;43.836;44.46;44.147999999999996;44.147999999999996;44.303999999999995;43.602;42.198;44.772000000000006;50.544;52.104;50.388000000000005;49.763999999999996;49.296;50.153999999999996;48.906;48.36;48.282;45.629999999999995;44.694;43.68;44.694;43.056;43.212;43.368
2018-4-12;1;43.29;43.602000000000004;43.368;43.524;43.29;43.368;41.574;45.084;49.608;49.296;49.686;49.217999999999996;47.892;49.373999999999995;48.827999999999996;48.672000000000004;46.956;46.41;43.367999999999995;46.098;48.282;44.226;43.757999999999996;43.68
2018-4-13;1;43.524;43.446000000000005;43.446;43.134;43.290000000000006;43.367999999999995;42.12;44.616;48.827999999999996;52.728;52.338;51.402;50.544;51.168;48.983999999999995;48.906000000000006;46.644;44.772;42.588;46.176;47.346000000000004;45.318;44.772;43.758
2018-4-14;0;43.29;43.367999999999995;43.056000000000004;43.212;43.056000000000004;42.587999999999994;40.56;39.858000000000004;40.403999999999996;40.482;41.652;41.496;41.574;41.574;41.652;41.418;41.808;41.418;41.730000000000004;41.574000000000005;43.602000000000004;43.68;43.836;43.368
2018-4-15;0;43.602000000000004;43.211999999999996;43.29;43.212;43.056;42.666;40.794;40.014;40.17;40.17;40.403999999999996;40.716;41.184;41.106;41.028;41.34;41.73;41.495999999999995;41.886;43.134;43.758;43.28999999999999;42.744;42.666
2018-4-16;1;42.9;42.510000000000005;42.588;42.276;42.276;42.275999999999996;41.184;44.226;50.93399999999999;52.26;53.118;52.961999999999996;51.324000000000005;52.182;54.132;53.586;49.373999999999995;46.41;44.38199999999999;46.878;45.942;43.602000000000004;43.212;43.134
2018-4-17;1;43.368;42.977999999999994;43.056;43.134;42.744;42.822;41.886;44.616;51.324;52.337999999999994;51.870000000000005;50.076;50.465999999999994;49.92;51.324000000000005;52.494;49.998;45.63;42.276;44.382;45.239999999999995;44.06999999999999;43.758;43.914
2018-4-18;1;43.446;43.836;43.68;43.446000000000005;43.367999999999995;42.666;40.716;44.07;48.282000000000004;49.062000000000005;50.153999999999996;48.75;47.892;48.438;48.75;48.906;47.891999999999996;45.474;44.46;45.006;46.488;44.382000000000005;43.524;43.368
2018-4-19;1;43.446;43.212;43.056000000000004;42.978;42.978;42.510000000000005;40.872;43.758;49.14;49.218;50.388;49.452000000000005;48.594;49.217999999999996;50.388;48.906;48.126;45.63;43.992000000000004;44.538;45.084;44.459999999999994;43.992;43.68
2018-4-20;1;43.758;43.602000000000004;43.367999999999995;43.602000000000004;43.056;42.744;40.794000000000004;44.693999999999996;48.906;51.324;49.374;50.076;49.53;50.46600000000001;50.31;49.686;49.062000000000005;43.914;42.276;42.744;47.034;44.85;42.89999999999999;42.977999999999994
2018-4-21;0;42.822;42.510000000000005;42.354;42.588;42.198;42.042;40.092;39.936;40.169999999999995;40.482;41.262;41.495999999999995;41.028;41.34;41.574;41.73;41.730000000000004;41.574;42.51;43.29;45.239999999999995;44.148;43.836;43.367999999999995
2018-4-22;0;43.290000000000006;43.446;42.978;43.134;42.978;43.056;40.482000000000006;40.169999999999995;41.028000000000006;41.262;41.652;41.964;41.964;41.886;42.354;42.51;42.510000000000005;42.666;42.276;42.19799999999999;43.914;43.992;43.757999999999996;43.68
2018-4-23;1;43.992;43.913999999999994;43.524;43.29;43.29;42.666000000000004;40.794;45.006;49.53;51.402;50.855999999999995;51.402;50.153999999999996;51.324;51.402;50.388;48.20399999999999;45.318;42.978;46.565999999999995;45.162;43.992;43.914;43.914
2018-4-24;1;43.68;43.68;43.758;43.446;43.68;43.13399999999999;41.105999999999995;45.786;51.09;51.636;51.48;51.635999999999996;51.012;51.55800000000001;51.714;52.65;50.388;46.644;43.836;44.459999999999994;44.694;44.07;43.913999999999994;44.07
2018-4-25;1;43.368;43.602000000000004;43.68000000000001;43.212;43.367999999999995;42.275999999999996;40.949999999999996;44.772000000000006;49.763999999999996;51.324000000000005;50.388000000000005;50.232;51.089999999999996;50.7;51.714;52.104;50.388000000000005;46.878;44.849999999999994;45.006;46.722;44.928000000000004;43.914;43.68
2018-4-26;1;43.524;43.211999999999996;43.134;43.056;43.056;41.964;40.872;45.00599999999999;50.856;52.728;53.742;54.444;51.792;53.117999999999995;52.494;52.572;51.792;47.034;42.9;42.9;43.836;42.744;42.51;42.977999999999994
2018-4-27;1;43.29;42.744;43.134;42.9;42.977999999999994;42.432;40.482;45.55199999999999;49.373999999999995;48.74999999999999;48.75;48.282;47.346000000000004;48.048;48.516;48.282;46.956;44.538;43.367999999999995;43.28999999999999;44.772;43.602;43.836;43.758
2018-4-28;0;43.83599999999999;43.914;43.836;43.914;43.914;43.992;41.418;41.184;41.574;41.808;42.354;41.652;41.730000000000004;42.120000000000005;42.042;42.042;41.964;42.042;42.120000000000005;42.120000000000005;43.134;44.772;44.382;43.914
2018-4-29;0;43.992;44.304;43.992;44.148;43.992;42.978;40.949999999999996;41.184;41.184000000000005;41.574;41.652;42.588;42.822;43.134;43.134;42.9;42.821999999999996;42.744;42.978;42.51;43.836000000000006;44.382;44.382000000000005;44.772
2018-4-30;1;44.616;44.382;44.85;44.382;44.61600000000001;43.836;42.666;44.694;48.984;48.75;49.14;48.126;48.75;47.424;49.842;49.53;48.36;46.800000000000004;43.836;43.446;47.501999999999995;45.708;45.629999999999995;44.77199999999999
2018-5-1;1;44.46;44.226;44.147999999999996;43.602;43.914;41.730000000000004;41.339999999999996;41.574;42.198;42.666;42.198;42.588;41.886;42.042;42.822;42.51;43.368;42.587999999999994;42.431999999999995;42.510000000000005;44.382000000000005;44.538;44.147999999999996;44.07
2018-5-2;1;44.382;44.07;43.757999999999996;43.602;44.226;43.836;42.275999999999996;45.162;50.07599999999999;53.586;52.962;52.806;51.245999999999995;51.94800000000001;53.663999999999994;54.912;52.494;47.891999999999996;44.46;44.459999999999994;46.644000000000005;46.098;44.85000000000001;45.084
2018-5-3;1;44.849999999999994;44.694;44.303999999999995;44.304;44.148;42.431999999999995;42.12;45.396;50.232;51.09;51.55799999999999;50.934000000000005;52.25999999999999;52.104;52.416;54.443999999999996;52.806;48.048;45.786;45.006;45.708;44.849999999999994;45.162000000000006;44.849999999999994
2018-5-4;1;44.772;44.693999999999996;44.46;44.147999999999996;44.304;42.51;41.652;44.928;48.594;49.452;48.438;48.75;48.594;48.594;48.126;48.516000000000005;46.644000000000005;44.928;43.602;42.432;45.006;44.928;44.616;44.06999999999999
2018-5-5;0;43.992;43.68;43.913999999999994;43.836;43.68000000000001;42.821999999999996;41.496;41.418000000000006;41.496;41.184;41.184;41.262;41.028;41.184;41.652;41.496;41.80800000000001;41.184000000000005;41.574000000000005;41.418000000000006;42.354;43.602000000000004;43.524;43.446
2018-5-6;0;43.367999999999995;43.28999999999999;42.89999999999999;42.666;42.821999999999996;43.056;40.403999999999996;40.482;40.248;40.872;41.106;41.184;40.95;40.404;40.872;41.105999999999995;41.34;40.794;41.339999999999996;41.028;41.886;43.524;43.757999999999996;43.446
2018-5-7;1;43.29;43.211999999999996;43.134;42.977999999999994;43.056000000000004;41.262;40.872;43.758;48.828;49.452;48.516000000000005;47.19;46.8;47.658;48.048;47.892;46.565999999999995;45.083999999999996;43.134;44.07;46.098;45.24;45.006;44.382
2018-5-8;1;44.616;44.226;44.147999999999996;43.992000000000004;44.148;41.262;41.184;40.95;41.73;41.496;41.730000000000004;42.12;42.198;42.041999999999994;41.652;41.885999999999996;41.964;41.418;41.496;41.262;43.524;44.07;44.226;44.06999999999999
2018-5-9;1;43.836;44.147999999999996;43.914;43.992;43.602;41.80799999999999;41.418;44.304;49.452000000000005;51.714;51.48;50.855999999999995;50.31;50.465999999999994;51.558;52.104;49.763999999999996;46.098;43.523999999999994;44.07000000000001;45.006;43.836;43.367999999999995;43.757999999999996
2018-5-10;1;43.524;43.446;43.524;43.056;43.211999999999996;41.808;41.106;43.29;47.814;47.58;48.594;48.204;49.608000000000004;48.827999999999996;48.983999999999995;49.998000000000005;48.984;46.254;42.510000000000005;42.354;44.382;45.474;43.758;43.992000000000004
2018-5-11;1;43.602000000000004;43.134;43.134;42.744;42.89999999999999;41.885999999999996;41.184;43.913999999999994;49.062;49.14;48.75;47.424;46.878;47.658;48.36;47.97;47.034;44.46;43.992;43.68;45.474;45.083999999999996;44.616;44.538000000000004
2018-5-12;0;44.459999999999994;44.459999999999994;43.992000000000004;44.226;44.07;41.730000000000004;40.794;40.638;41.028;41.262;42.12;42.042;42.432;42.431999999999995;42.198;41.885999999999996;42.432;42.198;42.51;42.432;43.056;44.928000000000004;44.772000000000006;44.772
2018-5-13;0;44.694;44.694;44.46;44.459999999999994;44.303999999999995;42.432;41.028000000000006;41.10600000000001;41.574;41.964;41.964;42.12;42.354;42.275999999999996;42.588;43.212;42.58800000000001;42.12;42.510000000000005;42.354;42.9;44.61600000000001;44.303999999999995;44.61599999999999
2018-5-14;1;43.914;44.382;44.226;43.836;43.992;42.9;41.886;45.318;49.998;51.480000000000004;50.778000000000006;51.01199999999999;49.296;49.452;49.608000000000004;50.544000000000004;48.75;46.721999999999994;43.758;42.432;45.084;43.914;43.524;43.29
2018-5-15;1;43.367999999999995;43.212;43.056;42.822;42.822;41.885999999999996;41.496;44.226;49.296;52.571999999999996;52.104;50.7;50.465999999999994;51.246;50.7;52.416;50.31;47.424;44.226;43.914;45.006;45.318000000000005;43.992;44.46
2018-5-16;1;44.226;44.226;43.757999999999996;43.68;43.836;41.885999999999996;41.964;44.772000000000006;49.29599999999999;50.31;51.245999999999995;50.544000000000004;47.97;48.204;48.75;47.736000000000004;46.566;45.785999999999994;44.07000000000001;45.162;44.46;44.38199999999999;44.693999999999996;44.382
2018-5-17;1;43.99199999999999;44.147999999999996;44.226;43.914;43.992;42.432;42.275999999999996;44.382000000000005;50.7;52.104;51.870000000000005;50.31;50.466;51.324;50.388;49.374;48.438;45.629999999999995;43.602000000000004;45.708;44.382;43.29;43.68;43.602000000000004
2018-5-18;1;44.148;44.303999999999995;43.836;43.446;43.524;41.339999999999996;42.042;45.629999999999995;51.324;54.443999999999996;54.054;51.87;49.998000000000005;49.218;50.388000000000005;48.984;47.19;44.928;42.276;42.977999999999994;45.474000000000004;45.24;44.304;43.836
2018-5-19;0;43.28999999999999;43.913999999999994;43.368;43.758;43.13399999999999;42.666;41.418;40.559999999999995;41.106;41.028;41.73;41.184;41.262;41.73;41.418000000000006;41.496;41.652;41.262;41.574;41.339999999999996;42.588;43.992;43.446000000000005;42.9
2018-5-20;0;43.056;42.822;42.977999999999994;42.9;42.89999999999999;40.248;40.559999999999995;40.403999999999996;40.403999999999996;40.715999999999994;40.95;40.872;41.106;41.028;41.106;41.339999999999996;40.95;40.872;40.872;40.95;41.418;43.602;43.29;43.290000000000006
2018-5-21;1;43.056;43.21199999999999;43.056000000000004;42.822;42.744;40.326;40.872;44.616;49.14;51.324;50.232;50.7;49.842;49.686;49.29599999999999;50.153999999999996;48.906000000000006;45.083999999999996;43.211999999999996;42.900000000000006;43.68000000000001;43.914;43.056;43.056000000000004
2018-5-22;1;44.147999999999996;42.821999999999996;42.977999999999994;42.588;42.822;40.326;41.808;44.928;48.672000000000004;49.529999999999994;49.218;49.452000000000005;50.622;48.984;48.828;50.465999999999994;49.062;46.41;44.928;44.226;48.20399999999999;48.516000000000005;47.19;46.64399999999999
2018-5-23;1;45.786;46.488;44.694;43.68;43.602000000000004;41.495999999999995;41.496;46.175999999999995;49.686;52.181999999999995;51.48;50.855999999999995;50.154;51.87;52.806000000000004;52.260000000000005;51.48;47.892;45.084;43.290000000000006;44.07;44.304;44.07000000000001;44.538000000000004
2018-5-24;1;43.992;43.992;43.68;43.446;43.446;42.12;41.574000000000005;45.942;48.438;49.53;50.232;49.842;48.827999999999996;50.07599999999999;50.153999999999996;50.154;50.7;48.593999999999994;46.565999999999995;46.331999999999994;46.410000000000004;44.616;44.538;44.46
2018-5-25;1;44.07;43.913999999999994;43.602000000000004;43.367999999999995;43.836;42.198;42.432;43.758;48.438;49.29599999999999;48.594;49.218;48.282;49.998;49.919999999999995;50.232;46.098;44.693999999999996;43.446;42.666000000000004;44.07;43.134;43.28999999999999;43.056000000000004
2018-5-26;0;43.523999999999994;43.211999999999996;42.744;42.822;43.212;40.638;40.716;42.19800000000001;42.12;41.964;42.666;42.744;43.367999999999995;43.757999999999996;44.694;44.148;43.914;43.836;42.977999999999994;42.822;42.198;44.303999999999995;44.304;43.836
2018-5-27;0;43.757999999999996;43.68;43.68;43.446;43.368;41.184;40.638000000000005;40.716;41.184;41.028;41.262;42.432;42.432;41.964;43.134;43.757999999999996;43.211999999999996;41.885999999999996;41.885999999999996;41.73;42.744;44.148;43.446;42.978
2018-5-28;1;43.68;42.9;42.744;42.744;42.588;41.574;41.808;45.708;51.48;51.948;52.338;51.948;53.196;54.599999999999994;53.897999999999996;53.976;52.416;48.438;44.85;44.459999999999994;44.459999999999994;45.162;44.85;45.24
2018-5-29;1;44.694;44.22599999999999;44.304;43.914;44.226;42.432;42.198;44.693999999999996;49.218;49.296;50.466;51.089999999999996;51.792;50.544;50.934;49.919999999999995;49.14;45.318;44.928;42.978;44.616;44.85;44.928;44.694
2018-5-30;1;44.772;44.616;44.538;44.147999999999996;44.226;42.275999999999996;42.275999999999996;45.864;49.452000000000005;51.245999999999995;50.622;50.934;53.976;53.274;53.42999999999999;53.196;52.26;48.438;44.616;45.00599999999999;45.474;45.629999999999995;45.474000000000004;45.318
2018-5-31;1;45.162;44.928;45.006;45.31799999999999;45.396;42.9;43.134;45.94199999999999;50.856;50.466;52.338;53.03999999999999;53.117999999999995;54.366;54.21;53.664;53.82;49.998;47.034;16.692;24.648;46.176;44.226;44.226
2018-6-1;1;43.914;43.68;43.68;43.134;43.212;41.028;41.574;45.942;49.92;52.806;51.480000000000004;53.897999999999996;53.196000000000005;51.480000000000004;49.842;49.062;50.07600000000001;49.763999999999996;46.331999999999994;44.85;43.992000000000004;46.175999999999995;45.55199999999999;45.396
2018-6-2;0;44.85;44.616;44.226;44.304;44.46;42.978;41.730000000000004;42.822;43.134;43.836;43.212;43.446;43.134;44.538000000000004;44.85;42.432;41.808;42.276;42.198;42.198;42.587999999999994;44.06999999999999;43.836;43.836
2018-6-3;0;44.38199999999999;43.446;43.914;43.602;43.446;42.354;41.34;41.652;40.872;41.418;40.95;40.95;40.872;40.95;41.652;42.276;47.42399999999999;42.666000000000004;42.042;42.431999999999995;41.808;43.056;43.446;44.148
2018-6-4;1;44.382000000000005;44.06999999999999;43.68;43.913999999999994;44.07;41.34;42.12;45.942;51.948;54.6;52.884;51.948;53.976;52.961999999999996;51.324;52.572;51.558;47.111999999999995;45.006;44.928000000000004;45.552;45.318;45.396;44.928
2018-6-5;1;45.318;44.538;44.928;44.538000000000004;44.538;41.34;42.12;45.474000000000004;49.14;49.062000000000005;49.764;51.401999999999994;53.040000000000006;51.089999999999996;51.245999999999995;52.65;51.402;47.502;45.94199999999999;44.928;43.992;45.396;45.474;45.552
2018-6-6;1;45.474;45.786;45.006;45.006;44.772;42.978;43.13399999999999;46.644;50.388;51.48;49.998;50.466;52.104;54.522;53.742000000000004;51.635999999999996;47.97;45.708;44.147999999999996;43.602000000000004;43.056;43.99199999999999;44.303999999999995;44.616
2018-6-7;1;44.538000000000004;44.148;43.992;44.07;43.836;42.120000000000005;41.496;44.304;49.14;48.906;49.92;48.827999999999996;48.75;50.31;50.62199999999999;53.742;51.324000000000005;48.36;44.147999999999996;43.134;44.772;45.552;45.162;45.708
2018-6-8;1;45.162000000000006;45.083999999999996;44.382000000000005;44.06999999999999;43.992;41.652;41.574;45.162000000000006;51.324;51.714;51.324000000000005;50.153999999999996;50.778;51.168;51.792;51.635999999999996;53.508;48.74999999999999;46.878;47.190000000000005;46.254000000000005;47.502;46.8;46.02
2018-6-9;0;46.41;45.396;44.928;44.616;44.538000000000004;43.134;42.666;42.978;43.68;44.538;43.914;45.162;44.382;46.644;47.112;46.41;44.849999999999994;44.928;44.46;44.382000000000005;45.24;46.488;46.488;45.94199999999999
2018-6-10;0;46.566;45.786;45.396;45.396;45.396;45.552;44.06999999999999;43.211999999999996;44.147999999999996;43.367999999999995;43.68;45.395999999999994;44.849999999999994;46.566;46.488;46.878;46.332;43.68;43.67999999999999;43.29;45.084;46.488;46.87799999999999;46.332
2018-6-11;1;47.268;45.552;45.708;45.708000000000006;45.162;43.524;42.744;46.644;52.961999999999996;56.705999999999996;57.876000000000005;56.394;57.72;58.968;59.748000000000005;58.5;54.678;51.48;47.346000000000004;46.254000000000005;46.956;49.53;48.048;46.955999999999996
2018-6-12;1;46.956;46.565999999999995;46.02;46.33200000000001;44.85;43.524;43.367999999999995;45.786;49.374;52.806;53.352;53.508;54.288;55.379999999999995;54.599999999999994;51.870000000000005;49.53;46.87799999999999;44.85;44.07;44.226;46.02;45.552;45.629999999999995
2018-6-13;1;45.24;45.083999999999996;45.16199999999999;44.85;44.85;42.19799999999999;43.056;44.304;48.983999999999995;50.153999999999996;52.338;51.558;52.25999999999999;53.118;53.274;52.416;49.29600000000001;47.346000000000004;50.232;47.112;48.36;46.721999999999994;46.722;45.785999999999994
2018-6-14;1;44.928;45.318000000000005;45.162;45.083999999999996;44.849999999999994;43.992;42.822;45.864;50.778;50.31;51.636;51.94799999999999;50.544000000000004;50.232;51.012;49.919999999999995;47.502;47.112;44.772;44.147999999999996;43.290000000000006;43.758;44.382000000000005;44.616
2018-6-15;1;45.006;44.538;44.304;44.304;44.147999999999996;41.886;42.432;45.239999999999995;49.529999999999994;49.842;49.452;50.232;49.062;49.53;50.544;51.09;47.658;45.786;45.552;45.084;44.61600000000001;45.396;45.084;45.552
2018-6-16;0;45.162000000000006;45.084;44.849999999999994;44.772000000000006;45.006;42.588;41.73;42.354;42.588;43.134;43.446;43.992;44.303999999999995;44.147999999999996;44.226;44.538000000000004;44.304;43.913999999999994;43.446;43.836;45.006;46.332;46.566;46.098
2018-6-17;0;45.629999999999995;45.786;45.786;45.786;46.019999999999996;44.147999999999996;42.666;42.822;43.212;43.446;43.913999999999994;44.07;44.303999999999995;44.226;44.694;45.24;44.226000000000006;44.538000000000004;43.992;44.147999999999996;43.602000000000004;44.694;45.084;45.396
2018-6-18;1;45.629999999999995;45.474;44.928;45.006;44.77199999999999;43.758;43.13399999999999;46.721999999999994;53.04;54.678;54.599999999999994;54.288;54.209999999999994;53.58599999999999;54.756;54.366;54.678;49.53;45.785999999999994;46.02;45.396;46.098;46.644000000000005;46.332
2018-6-19;1;45.942;46.098;46.098;45.474000000000004;45.396;44.616;43.212;47.58;51.012;52.806;53.82;53.04;54.522000000000006;55.302;56.238;56.081999999999994;53.507999999999996;50.465999999999994;47.97;46.800000000000004;44.928;46.488;46.644;46.254000000000005
2018-6-20;1;46.488;45.708;45.629999999999995;45.552;44.849999999999994;43.602;42.900000000000006;45.942;50.466;50.31;50.076;53.196;53.43000000000001;53.43;55.769999999999996;56.315999999999995;55.146;51.246;49.218;47.19;46.644;47.346;48.048;47.81399999999999
2018-6-21;1;46.331999999999994;46.488;46.331999999999994;46.098;46.019999999999996;43.602000000000004;43.836;47.97;51.558;52.338;53.586;54.599999999999994;55.848;56.862;56.550000000000004;57.17399999999999;54.054;52.416;50.31;48.437999999999995;47.42400000000001;46.878;46.02;45.552
2018-6-22;1;45.395999999999994;45.239999999999995;45.006;44.849999999999994;44.538;43.367999999999995;42.354;44.928;48.828;49.296;49.608000000000004;48.983999999999995;48.75;48.437999999999995;48.984;48.282;47.034;45.55199999999999;44.07;44.772;46.566;46.955999999999996;45.162;44.46
2018-6-23;0;44.616;44.304;44.07;43.992000000000004;44.382;41.418;41.496;41.574;41.34;42.120000000000005;42.510000000000005;43.29;43.134;41.964;42.275999999999996;42.588;42.822;42.510000000000005;41.964;41.886;42.432;44.148;44.538;44.538
2018-6-24;0;44.382;44.538000000000004;44.38199999999999;44.147999999999996;44.382000000000005;42.9;41.574;41.574;42.042;42.510000000000005;42.510000000000005;43.602000000000004;42.9;42.042;43.056;42.822;42.042;42.276;42.042;40.872;41.418;41.730000000000004;43.602;43.211999999999996
2018-6-25;1;43.68;43.446;43.524;43.524;43.368;41.262;41.184;45.629999999999995;51.012;51.714;51.48;51.87;50.7;49.92;49.373999999999995;48.906000000000006;48.36000000000001;46.254000000000005;43.992;43.602000000000004;42.354;43.368;43.757999999999996;43.523999999999994
2018-6-26;1;43.446;43.446000000000005;43.290000000000006;43.29;43.212;42.198;41.885999999999996;44.772;49.14;50.153999999999996;50.622;49.998000000000005;49.452;49.68599999999999;49.68599999999999;50.856;49.452;46.878;44.382000000000005;43.913999999999994;44.61600000000001;43.446;43.602;43.602
2018-6-27;1;43.914;43.367999999999995;43.367999999999995;43.134;43.368;41.574;41.808;44.928000000000004;48.437999999999995;51.168;50.153999999999996;50.856;50.77799999999999;50.544000000000004;49.14;48.906;47.424;45.55199999999999;45.629999999999995;45.006;45.318;45.083999999999996;44.85;44.85
2018-6-28;1;45.162000000000006;44.772;44.849999999999994;44.61600000000001;44.85;42.431999999999995;42.587999999999994;45.55199999999999;50.465999999999994;51.089999999999996;50.855999999999995;51.791999999999994;49.686;49.686;50.7;51.089999999999996;48.74999999999999;45.786;44.304;44.07;42.977999999999994;44.694;44.772;44.538
2018-6-29;1;44.538000000000004;45.084;44.85;44.382000000000005;44.77199999999999;42.510000000000005;42.666000000000004;45.006;48.828;50.544;52.26;50.934;48.828;49.998000000000005;49.686;50.153999999999996;48.126;45.006;43.836;42.666;43.758;46.254;45.006;44.694
2018-6-30;0;43.992000000000004;43.992;43.68;43.836;42.354;41.574;41.496;41.418;41.262;41.262;41.80800000000001;41.964;42.9;42.354;41.730000000000004;41.730000000000004;41.885999999999996;41.574000000000005;41.730000000000004;41.652;41.106;42.744;44.148;43.056
2018-7-1;0;43.29;43.212;43.524;43.056;42.977999999999994;42.977999999999994;41.106;40.716;41.028;40.872;41.184;41.496;41.885999999999996;41.652;41.574;42.041999999999994;41.418;41.418000000000006;41.808;41.418;41.105999999999995;42.354;43.44599999999999;43.290000000000006
2018-7-2;1;43.914;43.913999999999994;44.147999999999996;43.758;44.147999999999996;40.56;41.73;45.474;49.062000000000005;50.544000000000004;49.062;48.828;48.672;49.14;49.608000000000004;50.232;47.58;45.708000000000006;44.06999999999999;43.67999999999999;43.134;43.914;44.382000000000005;44.148
2018-7-3;1;44.147999999999996;44.07;43.758;43.914;43.757999999999996;41.964;40.95;43.992000000000004;47.658;48.827999999999996;48.516;48.282;48.593999999999994;49.14;49.686;49.919999999999995;48.438;47.268;45.629999999999995;44.07;43.212;45.083999999999996;46.254;45.083999999999996
2018-7-4;1;44.304;44.459999999999994;44.538000000000004;44.226;43.992;42.276;41.574;44.928;47.268;49.686;49.76400000000001;49.374;48.906;49.998;52.025999999999996;51.480000000000004;48.672000000000004;46.956;45.942;45.006;42.744;43.602000000000004;44.928;44.226
2018-7-5;1;44.147999999999996;43.836;43.914;43.67999999999999;43.212;43.134;42.042;42.89999999999999;42.900000000000006;43.68;43.992;43.68;44.226;44.772000000000006;46.098;46.254;46.8;47.424;45.786;45.239999999999995;43.367999999999995;45.084;45.552;45.708
2018-7-6;1;44.928;43.992;43.602;44.148;44.304;42.120000000000005;43.056;43.602;46.878;48.36;48.516;48.20399999999999;48.516;49.842;50.232;49.998000000000005;48.75;47.501999999999995;45.006;43.758;45.94199999999999;46.565999999999995;45.708;45.708
2018-7-7;0;45.006;45.24;45.24;44.928;44.382;42.51;41.028;42.587999999999994;43.056;42.978;43.367999999999995;43.757999999999996;43.290000000000006;43.524;43.602;43.524;43.602;43.757999999999996;42.89999999999999;43.056;44.693999999999996;45.318;45.162;45.474
2018-7-8;0;45.318;45.318000000000005;45.006;45.006;45.006;43.134;41.885999999999996;41.964;41.886;42.276;42.97800000000001;43.446;43.056;42.587999999999994;42.977999999999994;43.212;43.212;43.212;42.89999999999999;43.134;43.446;45.474000000000004;45.24;44.616
2018-7-9;1;44.85;44.772000000000006;44.616;44.46;44.46;42.666000000000004;42.822;46.098;51.480000000000004;51.714;51.55800000000001;50.934;52.806000000000004;54.444;53.97599999999999;55.302;51.55799999999999;48.827999999999996;46.41;45.864;44.928;46.644;46.254;46.02
2018-7-10;1;45.864000000000004;45.162;45.162;45.084;45.24;43.524;44.538000000000004;45.396;49.452;51.792;51.94800000000001;50.31;51.87;53.664;52.494;51.480000000000004;49.373999999999995;47.658;45.318;44.226;44.928;44.46;44.85;45.006
2018-7-11;1;45.396;44.694;44.772000000000006;44.772000000000006;44.61599999999999;43.524;42.275999999999996;45.396;50.07599999999999;51.714;51.791999999999994;52.182;50.778000000000006;52.104;51.558;51.635999999999996;49.686;48.438;47.19;49.53;48.516;45.786;45.942;45.629999999999995
2018-7-12;1;46.332;45.474;45.396;45.396;45.24;43.757999999999996;42.666;45.708;50.153999999999996;50.232;50.934;50.855999999999995;50.622;51.16799999999999;50.778;50.153999999999996;49.29600000000001;48.282000000000004;45.396;43.914;45.318;46.488;46.019999999999996;45.942
2018-7-13;1;45.786;46.332;46.09799999999999;46.878;46.488;44.693999999999996;43.523999999999994;45.786;50.934000000000005;51.089999999999996;52.338;50.7;50.466;50.388;50.855999999999995;49.452000000000005;47.891999999999996;46.878;44.693999999999996;44.226;44.226;45.864;45.396;44.849999999999994
2018-7-14;0;44.928000000000004;44.694;45.006;44.61599999999999;44.928;44.85;44.46;42.822;42.120000000000005;43.757999999999996;43.367999999999995;42.588;43.134;43.134;43.368;42.666;43.446;43.446;42.666;43.758;42.900000000000006;44.694;44.772000000000006;44.772000000000006
2018-7-15;0;45.396;44.772;44.538;44.61599999999999;44.616;44.226;42.198;42.275999999999996;42.354;42.9;43.212;43.134;43.36800000000001;43.523999999999994;43.446;43.602000000000004;43.446;43.602;43.68;43.757999999999996;44.304;45.474000000000004;46.644;45.786
2018-7-16;1;46.019999999999996;45.942;45.552;45.708;45.629999999999995;43.212;42.51;46.254000000000005;53.352000000000004;55.30199999999999;53.196;51.94799999999999;52.572;54.522;56.394000000000005;55.536;53.274;48.827999999999996;46.176;44.849999999999994;45.942;46.878;45.864;45.786
2018-7-17;1;45.239999999999995;45.474000000000004;45.552;45.786;45.474000000000004;43.992;42.822;45.942;50.699999999999996;51.48;51.246;51.01199999999999;51.480000000000004;52.338;51.714;52.182;51.635999999999996;47.97;46.410000000000004;44.772;45.942;47.892;45.94200000000001;45.864
2018-7-18;1;46.019999999999996;46.02;45.63;45.552;45.864;43.368;44.772000000000006;47.346000000000004;51.402;53.196;54.443999999999996;53.43;53.273999999999994;53.897999999999996;55.068;54.21;51.86999999999999;47.501999999999995;45.629999999999995;47.19;46.331999999999994;45.63;45.24;45.629999999999995
2018-7-19;1;44.616;45.084;45.474000000000004;45.00599999999999;45.006;43.68000000000001;43.446;47.268;50.309999999999995;53.586;54.834;53.352;52.026;53.42999999999999;54.912;54.522000000000006;51.324;49.14;46.721999999999994;43.914;44.85;44.616;44.459999999999994;44.77199999999999
2018-7-20;1;45.162;44.928000000000004;44.85;44.694;44.382;43.134;42.432;46.098;49.919999999999995;52.104;51.714;50.856;50.856;50.856;50.153999999999996;52.025999999999996;50.544;45.474000000000004;44.304;43.836;43.446;45.00600000000001;44.849999999999994;44.694
2018-7-21;0;45.396;44.693999999999996;45.318;44.538000000000004;44.538;42.900000000000006;41.885999999999996;43.67999999999999;43.836;44.538;45.162;45.864;46.644000000000005;46.800000000000004;46.8;47.346000000000004;45.396;45.006;44.46000000000001;43.758;43.290000000000006;46.098;46.176;45.708
2018-7-22;0;46.332;45.552;45.474;45.084;45.474000000000004;42.9;41.73;41.574000000000005;42.354;42.198;42.666000000000004;42.822;42.744;42.822;42.588;42.744;42.432;42.51;43.28999999999999;42.744;45.006;45.786;45.396;45.239999999999995
2018-7-23;1;45.318;45.00599999999999;45.318;45.083999999999996;45.552;42.51;43.68;47.501999999999995;51.012;51.714;49.763999999999996;49.998;51.948;53.976;53.897999999999996;52.572;52.104;49.998;47.658;47.03399999999999;44.772;46.254;46.41;46.254000000000005
2018-7-24;1;45.942;45.474;45.474000000000004;45.552;46.098;44.538;43.367999999999995;46.956;49.53;52.26;53.352;52.961999999999996;54.678;54.599999999999994;54.288;54.522;53.976;50.388;47.658;46.488;45.474;46.722;47.112;46.64399999999999
2018-7-25;1;46.566;46.8;46.332;45.552;46.019999999999996;44.538000000000004;44.147999999999996;48.126;50.699999999999996;51.012;51.168;51.480000000000004;52.806;53.664;55.145999999999994;54.6;52.961999999999996;50.388;48.437999999999995;46.8;46.019999999999996;47.58;48.047999999999995;47.268
2018-7-26;1;47.736000000000004;46.488;46.176;46.098000000000006;46.332;43.367999999999995;43.290000000000006;47.112;50.31;50.77799999999999;51.714;50.855999999999995;50.856;52.416;55.302;55.69199999999999;52.962;49.373999999999995;47.658;47.346;47.97;48.20400000000001;47.97;47.97
2018-7-27;1;47.42399999999999;47.502;46.800000000000004;46.878;46.098;44.07;43.446;47.891999999999996;50.934;52.104;52.104;53.976;55.77;58.578;57.018;56.55;53.897999999999996;50.07599999999999;46.644;45.318;45.708;47.034;46.8;46.955999999999996
2018-7-28;0;46.8;47.03399999999999;47.268;46.722;46.254;47.034;43.836;43.211999999999996;44.148;43.757999999999996;43.992000000000004;44.616;44.928;45.006;44.538;44.928000000000004;44.538;44.616;44.693999999999996;43.913999999999994;44.459999999999994;47.19;46.8;46.800000000000004
2018-7-29;0;47.111999999999995;46.488;46.644;46.254;46.721999999999994;44.147999999999996;43.212;43.602000000000004;44.06999999999999;43.68;44.382000000000005;45.162;46.25399999999999;46.098;46.332;46.41;46.488;45.318;45.552;45.318;45.63;47.736;47.19;47.658
2018-7-30;1;47.891999999999996;47.736;47.58;47.891999999999996;47.424;46.098;44.694;49.452;52.962;56.004;58.188;60.45;64.584;63.18;63.64800000000001;68.17200000000001;58.188;53.196;49.296;47.501999999999995;48.282000000000004;49.452;49.14;48.594
2018-7-31;1;47.658;47.81399999999999;47.267999999999994;46.566;46.722;45.629999999999995;45.474000000000004;50.388000000000005;52.806000000000004;55.848;60.684;62.087999999999994;64.272;65.988;63.492000000000004;62.946;56.862;52.104;46.878;46.176;45.708;46.41;45.942;46.488
2018-8-1;1;47.58;46.8;46.566;46.331999999999994;46.722;45.396;45.396;47.268;53.274;56.316;58.577999999999996;62.634;59.279999999999994;61.152;59.43599999999999;58.422;54.21;50.466;49.29600000000001;51.168;52.025999999999996;51.402;50.934;50.622
2018-8-2;1;50.153999999999996;49.92;49.53000000000001;48.906;48.75;47.58;46.25399999999999;50.544;53.742;56.940000000000005;57.407999999999994;64.038;64.97399999999999;63.492;62.477999999999994;61.152;59.748;54.989999999999995;50.7;47.034;49.92;49.53;48.984;49.68599999999999
2018-8-3;1;49.92;49.373999999999995;49.062;49.14;49.062000000000005;46.955999999999996;46.254;50.076;54.912;57.954;58.266000000000005;59.124;59.904;58.812;58.812000000000005;60.918;55.379999999999995;52.961999999999996;51.635999999999996;50.778;51.324;51.245999999999995;51.558;52.338
2018-8-4;0;51.55799999999999;51.714;50.934;51.012;49.998;46.722;45.318;45.942;48.672000000000004;48.282000000000004;47.97;48.047999999999995;48.906;49.218;49.53;49.919999999999995;48.593999999999994;47.19;45.864;45.786;46.644;48.672;48.593999999999994;50.07599999999999
2018-8-5;0;49.998;49.92;49.842;49.608;49.608000000000004;48.204;45.786;46.176;46.8;47.19;46.254000000000005;45.629999999999995;45.239999999999995;45.629999999999995;46.019999999999996;46.955999999999996;46.566;46.176;46.019999999999996;46.098;47.346;48.438;47.112;48.126
2018-8-6;1;47.891999999999996;48.204;47.658;48.204;47.58;46.176;44.07;49.14;55.302;58.343999999999994;57.72;60.06;62.244;63.647999999999996;62.322;62.088;59.903999999999996;52.26;46.566;46.176;48.36;49.686;48.20399999999999;47.42400000000001
2018-8-7;1;47.58;46.098;44.928000000000004;44.46;43.992;42.978;42.275999999999996;47.424;52.181999999999995;56.706;57.096000000000004;59.43600000000001;63.414;60.45;64.27199999999999;62.556;58.11;53.274;51.636;51.636;52.650000000000006;51.636;51.324;50.856
2018-8-8;1;49.842;49.686;49.763999999999996;48.516;47.736;46.8;45.786;49.218;52.65;53.42999999999999;55.848;54.912;57.33;57.72;61.30800000000001;60.138000000000005;58.578;55.145999999999994;53.273999999999994;50.934;52.65;49.608000000000004;49.998;50.622
2018-8-9;1;50.232;49.998;49.452;49.374;48.906;46.721999999999994;46.254;50.778;55.848000000000006;57.252;61.542;60.84;63.257999999999996;64.116;65.52;64.428;61.385999999999996;57.174;53.742000000000004;52.64999999999999;52.104;49.062000000000005;49.29600000000001;49.998000000000005
2018-8-10;1;49.998000000000005;49.998000000000005;49.373999999999995;48.75;48.906;48.20399999999999;46.566;49.53;52.104;58.343999999999994;62.4;60.528;60.06;60.45;58.734;56.94;54.288000000000004;50.699999999999996;53.82;52.33800000000001;49.998000000000005;48.75;47.501999999999995;47.814
2018-8-11;0;47.190000000000005;47.892;47.736;46.488;45.396;44.694;43.29;42.822;43.211999999999996;43.367999999999995;44.226000000000006;44.382;44.46;43.836;44.147999999999996;46.41;46.019999999999996;45.708;45.552;45.864000000000004;47.19;47.424;46.956;45.94200000000001
2018-8-12;0;45.94200000000001;45.708;44.459999999999994;43.992;44.304;44.226;41.73;41.574;42.354;43.602;45.552;44.928;44.772;45.24;44.772;44.382000000000005;44.849999999999994;45.162;45.084;44.85;47.736;47.891999999999996;47.268;46.721999999999994
2018-8-13;1;47.267999999999994;45.786;46.02;45.396;45.162;43.602000000000004;42.354;46.566;53.742;55.769999999999996;55.224;57.564;59.28;60.84;60.528;60.839999999999996;56.784;53.43;49.452;48.204;49.218;49.92;49.998000000000005;49.686
2018-8-14;1;49.217999999999996;48.593999999999994;48.672;48.204;46.644000000000005;47.03399999999999;46.02;49.14;53.274;57.408;56.315999999999995;57.72;57.641999999999996;58.812;56.706;56.160000000000004;55.146;52.025999999999996;52.962;54.366;51.792;50.31;50.153999999999996;49.92
2018-8-15;1;49.608;49.686;49.062;48.75;48.672000000000004;48.594;46.098;49.686;53.352000000000004;56.238;54.99;55.38;56.861999999999995;58.266000000000005;57.876000000000005;57.95400000000001;55.224000000000004;51.791999999999994;50.934;48.204;48.593999999999994;48.75;48.516;48.516
2018-8-16;1;48.36;47.814;47.268;47.502;47.346;46.41;45.006;49.998000000000005;51.792;54.443999999999996;55.224;55.30199999999999;56.394;57.174;58.968;57.72;54.444;50.232;47.97;46.254000000000005;48.984;49.99799999999999;50.153999999999996;50.31
2018-8-17;1;50.153999999999996;48.593999999999994;48.20400000000001;48.048;47.970000000000006;47.892;45.786;50.622;52.65;52.884;53.196;54.132000000000005;54.6;57.33;59.04600000000001;57.33;54.132;53.586;50.544;48.906;51.324;51.324;51.01199999999999;51.246
2018-8-18;0;51.012;50.622;50.7;50.076;50.07599999999999;50.07599999999999;46.721999999999994;47.112;48.36;48.048;48.282;47.034;47.19;45.708;45.083999999999996;45.006;44.849999999999994;44.616;45.24;45.24;47.268;49.53;50.622;49.998000000000005
2018-8-19;0;49.53;49.373999999999995;48.672;48.828;48.983999999999995;46.878;47.112;45.318;46.332;46.644000000000005;44.07;44.226;44.148;44.148;44.694;44.849999999999994;45.006;44.46;44.849999999999994;44.693999999999996;47.19;48.906;49.374;49.452
2018-8-20;1;49.062;48.906000000000006;48.36000000000001;48.438;48.437999999999995;47.112;47.346000000000004;49.452;55.926;55.224000000000004;57.017999999999994;60.06;65.67599999999999;64.662;61.932;68.328;64.272;56.62799999999999;51.48;50.07600000000001;50.778;49.92;49.608000000000004;49.218
2018-8-21;1;49.608;48.437999999999995;49.062;48.593999999999994;48.75;47.736;46.644000000000005;50.544;54.132;55.145999999999994;55.69200000000001;57.954;56.16;58.812000000000005;59.28;60.294;57.641999999999996;53.352;51.324;47.736000000000004;48.75;48.984;49.92;48.984
2018-8-22;1;48.906000000000006;48.048;48.282;48.204;48.126000000000005;46.955999999999996;45.786;50.232;55.068;58.188;57.72;57.096;58.733999999999995;59.124;60.216;59.982;57.72;53.352000000000004;49.53;48.36;52.961999999999996;52.104;49.608000000000004;48.827999999999996
2018-8-23;1;48.827999999999996;48.20399999999999;49.062;48.282000000000004;47.658;47.346000000000004;45.864;49.373999999999995;52.728;55.614;55.925999999999995;57.408;63.336;58.656000000000006;61.541999999999994;60.839999999999996;57.876000000000005;53.507999999999996;50.31;50.7;52.182;49.68599999999999;49.14;48.282000000000004
2018-8-24;1;48.36;48.828;49.218;48.984;48.906;48.126;46.566;49.296;53.352000000000004;54.912;52.104;53.897999999999996;54.054;55.692;54.132;55.068;51.245999999999995;50.544;47.658;51.635999999999996;52.416;50.465999999999994;50.31;49.92
2018-8-25;0;49.13999999999999;49.92;48.672;49.374;49.296;49.062;48.282000000000004;46.488;46.488;47.424;45.629999999999995;47.267999999999994;47.034000000000006;47.42399999999999;47.346000000000004;45.864000000000004;45.942;45.162;45.084;45.474000000000004;47.502;47.736;47.736;47.267999999999994
2018-8-26;0;46.410000000000004;47.19;46.41;46.878;47.034;46.566;45.474000000000004;43.446;43.367999999999995;43.212;42.821999999999996;42.9;43.056;42.89999999999999;43.056;42.978;43.056;42.977999999999994;42.51;42.12;44.616;45.708;45.162000000000006;44.382
2018-8-27;1;44.538000000000004;44.147999999999996;43.836;43.757999999999996;43.836;43.68;43.602000000000004;46.800000000000004;50.46600000000001;53.274;52.337999999999994;52.962;52.182;53.196;53.196;52.961999999999996;52.182;50.232;47.346000000000004;48.36;49.218;47.502;46.72200000000001;46.02
2018-8-28;1;46.019999999999996;45.708;45.474000000000004;43.913999999999994;44.772;44.07;42.19799999999999;44.226;46.254;48.672;51.324000000000005;51.948;53.274;54.21;53.976;51.87;51.714;49.373999999999995;47.42399999999999;48.75;50.622;48.36;47.346000000000004;46.488
2018-8-29;1;46.254000000000005;46.019999999999996;45.864;44.693999999999996;44.07;43.836;42.042;41.886;42.587999999999994;44.07;44.85000000000001;45.786;46.098;45.708;45.239999999999995;45.708000000000006;44.459999999999994;45.785999999999994;45.24;45.318;46.878;46.8;47.112;47.112
2018-8-30;1;47.268;46.332;45.708;45.162;43.056;43.367999999999995;42.19799999999999;43.602000000000004;46.098;50.934000000000005;53.274;52.962;53.507999999999996;54.833999999999996;56.471999999999994;55.926;54.756;51.87;50.778;54.443999999999996;53.42999999999999;50.466;50.544000000000004;50.544
2018-8-31;1;49.29599999999999;49.608000000000004;48.672;48.437999999999995;47.112;45.629999999999995;44.226;45.864000000000004;48.282000000000004;50.232;49.763999999999996;51.94799999999999;53.897999999999996;53.586;54.366;54.599999999999994;53.81999999999999;52.182;51.245999999999995;52.338;52.806;52.025999999999996;50.778000000000006;49.14
2018-9-1;0;48.438;47.97;47.736;47.346;47.112;46.644000000000005;44.85;44.38199999999999;44.61599999999999;45.785999999999994;46.41;47.658;47.424;48.048;48.437999999999995;48.36;48.672000000000004;47.814;48.672000000000004;48.828;49.92;48.906;48.672;48.516000000000005
2018-9-2;0;47.268;47.268;47.190000000000005;47.346000000000004;46.955999999999996;46.8;44.616;44.147999999999996;44.07;44.616;45.395999999999994;45.318;45.474;48.204;46.332;45.083999999999996;45.86399999999999;47.736000000000004;48.594;47.58;46.566;46.176;46.644000000000005;46.019999999999996
2018-9-3;1;46.02;45.708;46.331999999999994;46.254000000000005;46.254;45.474000000000004;45.162;47.58;49.373999999999995;51.401999999999994;54.443999999999996;57.25200000000001;56.238;55.925999999999995;55.61399999999999;54.678;52.337999999999994;51.635999999999996;54.366;51.87;49.763999999999996;46.41;46.02;46.098
2018-9-4;1;46.176;46.098;45.63;45.864;45.864000000000004;45.474000000000004;45.474;46.721999999999994;51.714;53.81999999999999;54.444;55.224000000000004;54.366;54.054;53.352;53.586000000000006;53.274;49.686;52.025999999999996;50.153999999999996;49.296;47.424;46.566;46.41
2018-9-5;1;46.176;45.864;45.942;45.552;45.786;45.708;44.694;47.891999999999996;53.04;52.806;52.572;52.572;52.728;54.833999999999996;55.614000000000004;57.564;55.692;52.572;49.373999999999995;50.778;49.842;46.956;46.8;46.488
2018-9-6;1;46.175999999999995;46.332;46.254;46.019999999999996;45.785999999999994;45.552;43.836;46.722;50.154;51.480000000000004;52.806;52.025999999999996;53.352000000000004;53.664;55.224;54.912;54.912;49.998;48.593999999999994;48.906;48.437999999999995;46.098000000000006;45.864;45.24
2018-9-7;1;45.552;45.318;44.928000000000004;44.928;45.006;44.538000000000004;43.836;45.084;49.764;51.324000000000005;50.855999999999995;50.388000000000005;50.466;51.48;52.571999999999996;53.117999999999995;49.296;48.048;46.488;48.984;51.168;46.721999999999994;46.176;45.63
2018-9-8;0;45.006;45.084;44.693999999999996;44.694;44.694;44.538000000000004;43.368;42.275999999999996;42.588;43.367999999999995;43.367999999999995;43.602000000000004;43.914;44.538;43.68;44.07;43.992000000000004;44.226;44.538;44.928000000000004;46.176;46.098;45.552;45.318
2018-9-9;0;44.85;44.693999999999996;44.772;44.616;44.85;44.694;43.446;42.042;42.041999999999994;42.510000000000005;43.134;43.602;44.226;45.864;46.410000000000004;43.602;44.616;46.488;44.616;45.864000000000004;46.254;45.864000000000004;45.474;45.084
2018-9-10;1;45.00599999999999;44.382;44.38199999999999;44.226;44.46;44.06999999999999;43.914;47.112;52.104;53.43;54.91199999999999;54.522;54.833999999999996;56.238;59.358;57.018;51.948;47.658;47.97;49.13999999999999;49.686;46.956;46.565999999999995;45.396
2018-9-11;1;45.318;45.006;44.928;45.00600000000001;44.772;44.303999999999995;43.758;45.708;51.792;51.480000000000004;51.714;50.153999999999996;49.764;51.48;51.558;52.728;53.82;50.934;47.267999999999994;50.232;48.438;46.488;46.02;45.396
2018-9-12;1;44.693999999999996;44.772;45.24;44.382;44.46;44.22599999999999;43.992;45.786;51.09;53.04;52.494;53.742;54.132;57.72;57.954;59.748000000000005;57.096000000000004;53.43;50.7;50.544;50.153999999999996;46.8;46.019999999999996;45.396
2018-9-13;1;46.644000000000005;45.629999999999995;44.382000000000005;44.148;44.538000000000004;44.928;44.147999999999996;46.722;50.622;51.948;53.976;52.104;54.756;57.174;59.202;58.89;56.238;54.209999999999994;50.544;51.791999999999994;49.92;48.282;47.267999999999994;47.034
2018-9-14;1;47.268;46.721999999999994;46.41;45.942;45.864;45.63;46.566;48.126000000000005;50.388;53.196;54.21;54.6;51.94799999999999;53.43;51.245999999999995;50.934;51.55799999999999;49.998000000000005;47.891999999999996;48.437999999999995;48.204;46.332;45.708;46.098
2018-9-15;0;46.33200000000001;46.02;46.019999999999996;45.864000000000004;46.254;45.942;45.786;42.978;42.744;43.446000000000005;43.134;44.07;44.459999999999994;45.708;44.147999999999996;45.864000000000004;46.176;45.162;44.61600000000001;45.708;45.396;45.474000000000004;45.474000000000004;46.176
2018-9-16;0;45.552;45.396;44.928;44.85;44.694;44.46;42.822;41.574;41.964;42.120000000000005;42.51;42.900000000000006;43.056;43.914;45.63;45.084;45.94199999999999;45.864;44.694;44.694;45.474000000000004;44.693999999999996;44.928000000000004;44.616
2018-9-17;1;44.928;44.693999999999996;44.616;44.304;44.538000000000004;43.914;45.16199999999999;47.267999999999994;52.025999999999996;52.182;52.026;53.274;54.444;54.21;55.69199999999999;56.862;56.004;51.792;49.92;52.88399999999999;52.260000000000005;50.778000000000006;47.19;45.396
2018-9-18;1;45.629999999999995;45.006;44.928;44.46;44.382000000000005;43.913999999999994;43.992;46.175999999999995;49.452;51.636;53.352000000000004;55.30199999999999;54.989999999999995;57.642;57.876;55.30200000000001;51.246;47.658;45.63;52.025999999999996;54.288;51.94799999999999;49.686;47.034
2018-9-19;1;45.474;45.396;44.693999999999996;44.382000000000005;43.757999999999996;44.07;44.538000000000004;45.083999999999996;49.062;51.558;53.352000000000004;53.664;55.769999999999996;53.976;55.38;56.394;55.458;52.104;50.076;51.792;49.919999999999995;46.410000000000004;45.942;45.864
2018-9-20;1;45.006;44.382;43.914;43.602000000000004;43.524;43.211999999999996;43.056;44.46;47.58;49.92;51.55799999999999;51.324;51.246;51.87;52.181999999999995;53.352000000000004;50.544;49.062;47.580000000000005;50.076;49.608;47.658;46.722;46.8
2018-9-21;1;46.41;44.616;43.992;43.992;43.836;43.211999999999996;42.666000000000004;43.212;47.736;50.466;50.153999999999996;51.089999999999996;50.466;51.48;51.870000000000005;51.792;48.75;46.488;47.268;52.337999999999994;51.245999999999995;52.416;50.778;50.544
2018-9-22;0;48.672;49.92;49.998;49.68599999999999;49.686;48.672;44.303999999999995;42.58800000000001;41.964;42.12;41.652;42.9;42.9;42.042;42.275999999999996;42.822;42.432;42.432;42.588;45.474;45.006;43.602000000000004;44.693999999999996;44.226
2018-9-23;0;44.07;44.147999999999996;44.226;43.67999999999999;43.992;43.446;42.041999999999994;40.638;40.794;41.106;41.028;41.808;42.12;42.666000000000004;42.977999999999994;42.588;42.276;42.198;42.432;44.772000000000006;44.928;45.318;45.006;45.006
2018-9-24;1;44.07;44.693999999999996;44.77199999999999;44.772;43.446;46.488;48.048;48.048;51.636;55.302;53.352000000000004;52.104;51.168;52.338;51.558;50.778000000000006;47.42400000000001;49.296;46.721999999999994;46.488;45.239999999999995;42.354;41.80800000000001;42.19799999999999
2018-9-25;1;42.198;42.432;42.275999999999996;42.432;42.587999999999994;41.496;41.885999999999996;44.147999999999996;51.012;52.962;52.884;51.245999999999995;49.53;48.672000000000004;47.97;48.047999999999995;46.8;43.992;45.396;44.46;43.836;43.212;42.276;42.510000000000005
2018-9-26;1;42.276;41.574000000000005;41.73;41.496;41.73;41.418;41.885999999999996;43.368;49.062;51.012;50.465999999999994;49.062;47.580000000000005;48.438;48.516;47.970000000000006;46.332;43.992000000000004;45.396;48.438;47.891999999999996;45.24;43.602;42.354
2018-9-27;1;42.9;41.730000000000004;41.574;41.652;41.574;44.928;45.006;43.836;49.374;50.7;50.309999999999995;49.998000000000005;48.906000000000006;48.672000000000004;49.608000000000004;51.168;49.998;48.048;47.97;50.466;49.373999999999995;49.062000000000005;47.034;45.708
2018-9-28;1;45.162;44.85;44.148;44.304;43.913999999999994;45.474000000000004;45.63;45.474000000000004;53.742000000000004;51.792;52.650000000000006;50.153999999999996;51.246;51.791999999999994;52.337999999999994;51.86999999999999;48.672000000000004;46.644;45.786;47.346;45.786;45.006;44.459999999999994;44.772
2018-9-29;0;43.992000000000004;44.07;43.602;43.056;42.666;42.977999999999994;42.977999999999994;39.936;39.702;40.17;39.936;39.702;40.56;40.794;40.949999999999996;41.652;41.105999999999995;40.638;40.794000000000004;42.978;42.89999999999999;42.666;42.432;41.80800000000001
2018-9-30;0;42.120000000000005;41.34;41.184;41.262;41.106;41.028;40.794;37.986000000000004;38.45399999999999;38.298;38.922;39.858;41.028;42.275999999999996;42.89999999999999;42.74400000000001;42.744;42.276;44.147999999999996;45.084;44.382;44.07;43.992;42.666
2018-10-1;1;42.354;41.808;41.730000000000004;41.34;41.964;41.105999999999995;41.808;44.928;49.296;53.508;53.82000000000001;52.338;51.87;50.778;51.714;49.763999999999996;50.855999999999995;48.282;51.324;48.906;47.97;43.992;43.992000000000004;43.913999999999994
2018-10-2;1;43.446;43.446;43.21199999999999;42.978;43.212;42.432;42.510000000000005;46.800000000000004;50.856;54.21;54.522000000000006;53.742000000000004;51.48;51.558;52.416000000000004;51.16799999999999;48.36;46.644;48.126000000000005;47.814;46.176;42.588;42.432;42.275999999999996
2018-10-3;1;42.432;42.354;42.432;42.51;42.432;41.964000000000006;42.744;46.098;51.012;52.572;53.43;51.324;52.416;58.11;56.16;53.586;49.062;46.565999999999995;47.268;48.906000000000006;46.176;44.459999999999994;43.913999999999994;43.29
2018-10-4;1;44.303999999999995;42.666;42.432;42.12;42.275999999999996;42.042;42.432;44.928;49.92;51.16799999999999;51.246;50.778000000000006;50.31;55.536;56.550000000000004;54.834;52.728;50.699999999999996;52.26;54.989999999999995;52.416;49.217999999999996;48.906;48.827999999999996
2018-10-5;1;47.501999999999995;48.672;48.36;48.672;48.593999999999994;48.438;48.594;49.608;55.068;56.394000000000005;55.614;55.068;54.756;51.168;51.94799999999999;50.778;48.36000000000001;46.332;46.878;49.296;48.282;44.07;43.446;43.68
2018-10-6;0;43.914;43.056000000000004;42.666;42.744;42.588;42.354;41.808;40.17;40.092;40.872;42.042;42.978;43.602000000000004;44.07;45.162000000000006;45.708;45.864000000000004;45.474;46.176;46.955999999999996;45.629999999999995;45.63;46.254;46.098000000000006
2018-10-7;0;46.644000000000005;46.098;45.63;45.162000000000006;44.22599999999999;44.226;44.382;42.12;42.120000000000005;42.822;42.51;45.083999999999996;43.992;46.098;47.346000000000004;47.112;47.19;46.332;45.318;45.708;45.708;45.708;46.332;46.098
2018-10-8;1;46.410000000000004;46.254;46.878;46.41;45.162000000000006;44.694;45.786;49.373999999999995;55.535999999999994;58.578;59.67;57.486000000000004;55.224;57.17399999999999;57.56400000000001;55.302;53.742000000000004;50.076;52.416;53.976;49.763999999999996;46.02;45.63;45.239999999999995
2018-10-9;1;45.629999999999995;44.382;43.992;43.368;43.056000000000004;43.134;45.239999999999995;46.098;51.714;54.13199999999999;53.81999999999999;53.274;53.352000000000004;55.614;55.145999999999994;55.925999999999995;54.989999999999995;52.025999999999996;53.586;52.727999999999994;50.153999999999996;49.14000000000001;48.75;47.814
2018-10-10;1;46.41;46.254;45.708000000000006;44.382;43.914;43.602;44.616;47.346;53.43000000000001;53.82;54.678;53.352000000000004;54.288000000000004;56.628;57.408;56.004;52.572;47.19;49.842;51.012;47.658;44.382;43.758;43.992
2018-10-11;1;44.382000000000005;43.368;42.978;42.977999999999994;42.51;42.510000000000005;44.147999999999996;43.602;49.686;50.388;52.26;50.23199999999999;47.892;50.7;53.507999999999996;52.88399999999999;50.31;46.64399999999999;49.764;51.168;50.934000000000005;46.098;45.942;45.474000000000004
2018-10-12;1;44.616;44.147999999999996;43.134;42.977999999999994;42.666;42.120000000000005;44.147999999999996;45.396;48.516;50.076;51.55799999999999;53.118;53.664;54.6;55.068;54.91199999999999;51.714;48.282;49.217999999999996;49.452;49.686;46.722;45.474;44.694
2018-10-13;0;43.367999999999995;42.744;41.73;41.496;41.418;41.262;40.326;39.312;39.156;39.312;40.092;41.34;44.22599999999999;47.19;48.126000000000005;45.864000000000004;44.538000000000004;43.992;46.721999999999994;46.02;46.176;44.616;43.68;42.978
2018-10-14;0;42.510000000000005;42.120000000000005;41.574000000000005;41.34;41.34;40.56;40.482;38.766;38.298;39.156;40.872;42.744;46.176;44.538;43.992;43.914;44.07;43.446;44.382;45.629999999999995;44.226;44.616;43.836;43.367999999999995
2018-10-15;1;42.51;42.12;41.652;41.184;41.262;41.34;41.730000000000004;44.694;51.94799999999999;53.82;52.961999999999996;53.586;55.536;56.394000000000005;53.352000000000004;52.338;50.31;47.19;50.622;49.29600000000001;46.644;42.744;42.510000000000005;42.042
2018-10-16;1;42.042;42.12;41.808;41.730000000000004;41.574;41.730000000000004;42.120000000000005;46.644;51.245999999999995;52.571999999999996;52.65;50.934;51.245999999999995;55.614;56.394;56.316;50.622;47.112;51.324000000000005;49.998000000000005;48.516;45.24;44.07;43.757999999999996
2018-10-17;1;43.68;42.900000000000006;42.977999999999994;42.744;42.744;42.58800000000001;44.459999999999994;46.8;50.855999999999995;54.132000000000005;54.834;51.792;50.232;50.23199999999999;50.622;50.7;48.906000000000006;46.955999999999996;50.622;50.388;47.658;46.098;46.176;46.176
2018-10-18;1;45.629999999999995;45.006;44.928;44.616;44.772;44.538000000000004;45.00599999999999;48.126;51.714;54.366;55.302;54.599999999999994;53.898;54.444;54.443999999999996;54.912;48.75;48.282;51.012;50.622;51.168;50.699999999999996;48.828;47.034000000000006
2018-10-19;1;45.786;47.111999999999995;46.254000000000005;45.708;45.396;45.083999999999996;46.41;49.842000000000006;53.508;55.769999999999996;56.471999999999994;55.458;55.926;52.26;51.324;50.934;50.232;47.814;49.062;48.75;46.488;43.368;43.212;42.978
2018-10-20;0;42.822;42.744;42.588;42.588;42.822;42.51;42.354;42.89999999999999;39.936;40.248;39.78;40.013999999999996;40.248;40.716;40.482;40.56;41.184000000000005;41.964;41.808;42.51;42.042;42.198;41.886;41.495999999999995
2018-10-21;0;41.808;42.042;41.886;42.120000000000005;41.885999999999996;42.042;41.574;40.013999999999996;39.312;39.233999999999995;39.468;39.702;39.233999999999995;39.78;39.078;39.078;38.922;38.922;42.822;44.85;43.758;41.886;41.730000000000004;41.730000000000004
2018-10-22;1;42.587999999999994;41.652;41.184;41.262;41.184;40.794;41.495999999999995;45.55199999999999;49.998000000000005;51.09;51.245999999999995;50.622;51.012;52.182;52.182;52.494;51.948;49.68599999999999;53.508;52.416;49.14;46.332;45.474;45.396
2018-10-23;1;43.914;43.602000000000004;43.446;42.978;43.134;43.056000000000004;43.29;47.736;50.388000000000005;52.806;53.742;51.635999999999996;50.154;49.68599999999999;51.245999999999995;53.274;54.912000000000006;54.756;52.337999999999994;50.153999999999996;46.722;44.07;43.602;44.147999999999996
2018-10-24;1;43.836;43.68;43.524;43.68;43.992;43.367999999999995;44.226;48.516;51.09;53.742;52.181999999999995;51.324;49.14;48.906;49.14;48.59400000000001;47.736000000000004;47.42399999999999;49.373999999999995;49.14;48.36;46.254;43.758;43.836
2018-10-25;1;43.836;42.977999999999994;42.9;42.9;42.822;42.666;44.382;47.268;51.324;52.25999999999999;52.884;51.402;50.153999999999996;50.309999999999995;51.635999999999996;52.884;52.572;50.309999999999995;53.508;52.181999999999995;49.842;49.452;45.084;44.85
2018-10-26;1;44.226;44.459999999999994;44.382;44.147999999999996;44.07;43.992;44.849999999999994;48.906;51.402;53.352000000000004;54.756;52.65;51.792;51.948;53.196;51.168;49.608;49.374;51.012;48.906;47.892;44.928;43.446;43.68
2018-10-27;0;44.06999999999999;43.602;43.056;42.510000000000005;42.666;42.587999999999994;42.354;41.808;42.432;42.354;41.885999999999996;42.588;42.51;43.992;42.9;42.51;42.354;43.211999999999996;44.538;44.303999999999995;44.46;44.538;44.459999999999994;44.226
2018-10-28;0;44.148;43.888000000000005;87.828;43.914;43.68;43.368;42.588;41.028;41.262;41.105999999999995;41.184000000000005;41.262;41.418000000000006;42.588;42.900000000000006;43.368;43.602000000000004;44.616;44.304;44.22599999999999;44.304;44.382;44.538000000000004;44.849999999999994
2018-10-29;1;46.02;46.098;46.878;46.955999999999996;46.878;46.955999999999996;46.488;49.452;53.897999999999996;54.599999999999994;53.898;52.337999999999994;52.26;51.635999999999996;55.30200000000001;60.918000000000006;54.209999999999994;54.132000000000005;53.664;52.806;52.182;51.168;47.58;47.81399999999999
2018-10-30;1;46.8;47.19;46.488;47.268;46.41;47.034000000000006;45.785999999999994;46.02;46.176;47.111999999999995;46.019999999999996;46.566;45.786;46.644000000000005;44.928000000000004;44.46;47.268;48.75;48.204;46.644;46.721999999999994;47.814;47.267999999999994;46.254000000000005
2018-10-31;1;46.565999999999995;46.644;44.382;44.382000000000005;44.61599999999999;43.29;42.198;43.992000000000004;47.658;48.75;50.232000000000006;48.282000000000004;47.501999999999995;47.736;47.58;47.58;48.75;52.961999999999996;52.572;51.48;49.062;47.346000000000004;46.254;46.254000000000005
2018-11-1;1;45.084;45.474000000000004;47.424;45.942;44.382000000000005;45.708;44.928;44.46;43.68;43.757999999999996;43.602000000000004;43.836;43.212;43.524;43.134;43.368;43.68;45.474;45.786;45.63;45.708;45.474;45.942;45.629999999999995
2018-11-2;1;45.474000000000004;45.942;45.552;45.785999999999994;45.708;45.162000000000006;45.006;45.24;48.36;47.97;47.658;47.034;46.488;46.02;46.332;46.644;48.126;51.792;51.55799999999999;51.324;49.998000000000005;47.892;44.928;44.849999999999994
2018-11-3;0;45.24;45.395999999999994;45.24;45.55200000000001;45.474;45.474000000000004;44.772000000000006;43.290000000000006;43.212;42.900000000000006;43.212;43.367999999999995;43.134;43.056;42.666;42.588;42.666;45.552;45.708;45.318;45.552;45.708;45.396;45.318
2018-11-4;0;45.474;45.552;45.396;45.474000000000004;45.162000000000006;45.55200000000001;44.304;41.885999999999996;42.666;43.602000000000004;44.694;43.992000000000004;43.67999999999999;43.29;42.821999999999996;43.134;43.134;46.644000000000005;46.019999999999996;45.708;45.63;45.162;44.459999999999994;44.85
2018-11-5;1;44.772000000000006;44.538;44.849999999999994;44.07;44.07;43.524;43.68000000000001;45.24;51.168;53.586;54.132000000000005;56.861999999999995;53.82;52.494;54.054;53.586;58.032000000000004;56.55;54.054;50.855999999999995;49.452;46.800000000000004;44.85;44.46
2018-11-6;1;43.836;43.134;43.056;42.666;42.354;41.886;42.042;43.757999999999996;49.296;50.855999999999995;51.948;55.224000000000004;51.324;51.714;51.401999999999994;52.182;54.75599999999999;54.912;51.714;49.608000000000004;47.736;44.928;44.538000000000004;44.148
2018-11-7;1;43.836;43.914;43.757999999999996;43.757999999999996;43.914;42.744;42.89999999999999;45.083999999999996;50.388;54.132;53.81999999999999;51.48;51.168;51.558;50.856;52.572;57.174;54.443999999999996;51.324;49.296;47.736;46.019999999999996;43.602;43.602
2018-11-8;1;43.28999999999999;43.212;42.744;42.51;42.666;42.12;43.29;43.914;49.998;51.714;51.792;51.948;54.522;51.86999999999999;52.260000000000005;53.118;55.614;53.196;51.94799999999999;51.402;49.218;45.24;43.836;43.28999999999999
2018-11-9;1;43.290000000000006;43.446;43.28999999999999;43.29;42.977999999999994;43.524;43.29;46.098000000000006;52.416;54.989999999999995;55.536;52.962;53.507999999999996;53.82;51.246;50.622;53.352;52.338;51.089999999999996;50.076;48.75;44.849999999999994;42.97800000000001;43.446
2018-11-10;0;42.89999999999999;42.587999999999994;42.51;42.432;42.51;42.432;42.042;40.092;39.39;40.092;41.418;44.538;44.616;45.396;44.928000000000004;46.722;46.8;47.346000000000004;46.722;45.864;45.942;45.084;43.913999999999994;43.28999999999999
2018-11-11;0;43.290000000000006;43.602000000000004;43.914;44.928;45.006;44.226;45.083999999999996;43.367999999999995;42.275999999999996;43.68;44.61599999999999;44.849999999999994;45.63;46.410000000000004;44.538;42.744;43.29;44.772;44.538;44.85;44.147999999999996;43.602000000000004;42.744;42.354
2018-11-12;1;42.822;42.276;42.12;41.964;41.885999999999996;41.885999999999996;42.666;43.602;51.55799999999999;52.025999999999996;53.81999999999999;53.664;55.458;52.337999999999994;52.416;54.6;58.11;57.486;53.742;52.104;49.998;47.658;45.474;44.538
2018-11-13;1;44.616;44.382000000000005;43.992000000000004;43.68;43.68;43.523999999999994;44.928;44.147999999999996;50.153999999999996;49.998;50.388000000000005;50.934;50.934;49.686;50.778;51.55799999999999;55.926;57.252;55.224000000000004;51.55799999999999;50.544;48.048;46.098;45.552
2018-11-14;1;45.318;44.148;45.942;45.006;44.694;44.46;45.864000000000004;46.25399999999999;51.48;53.274;52.571999999999996;51.324;52.571999999999996;54.678;53.507999999999996;52.494;54.912;55.614;53.507999999999996;52.338;49.14;47.96999999999999;46.721999999999994;45.396
2018-11-15;1;45.318;45.708000000000006;44.772;44.694;44.304;43.757999999999996;43.992;45.162000000000006;49.764;51.324;53.274;53.742;54.99;56.238;56.16;54.834;57.25200000000001;56.628;53.742;51.714;48.672;47.658;45.864000000000004;43.757999999999996
2018-11-16;1;43.29;43.056000000000004;42.822;42.821999999999996;42.588;42.432;42.744;43.29;47.268;48.828;49.764;50.07600000000001;50.7;52.26;53.82000000000001;51.87;55.224;53.117999999999995;51.714;51.401999999999994;49.842;45.864000000000004;43.602;42.588
2018-11-17;0;42.51;42.666000000000004;42.19800000000001;42.354;42.354;42.354;41.574000000000005;39.39;39.702;39.077999999999996;40.326;41.418;41.964;43.524;43.602000000000004;41.574;41.184;42.666;42.51;41.730000000000004;41.808;42.042;41.730000000000004;41.730000000000004
2018-11-18;0;41.495999999999995;41.574;40.95;40.638;40.872;40.794;40.092;37.83;38.22;38.22;39.078;39.467999999999996;40.17;39.93599999999999;39.78;41.184000000000005;42.744;41.574;42.041999999999994;41.652;41.496;41.730000000000004;41.73;41.886
2018-11-19;1;41.885999999999996;41.808;41.496;41.808;41.886;41.886;42.19799999999999;46.175999999999995;52.727999999999994;54.678;54.209999999999994;53.196;51.94799999999999;50.7;52.025999999999996;50.778000000000006;52.806;51.168;49.53;47.58;45.864;45.24;42.51;42.275999999999996
2018-11-20;1;42.744;41.652;41.574;41.574;41.574;41.574;41.808;44.304;50.232000000000006;51.168;51.480000000000004;50.465999999999994;51.168;53.196000000000005;55.458;54.6;57.408;55.536;52.962;51.09;46.878;46.098;46.566;44.928
2018-11-21;1;43.914;44.382;44.147999999999996;44.147999999999996;44.07;44.148;44.61600000000001;47.97;51.480000000000004;53.43;53.04;52.88399999999999;51.714000000000006;53.117999999999995;55.848;58.656000000000006;57.486000000000004;52.49399999999999;51.324;50.465999999999994;48.048;45.474;43.68;43.836
2018-11-22;1;44.382;43.28999999999999;43.367999999999995;43.446;43.212;43.056;44.382;47.42399999999999;52.182;54.834;55.302;54.756;54.599999999999994;55.614000000000004;55.536;56.238;59.202;54.833999999999996;52.728;51.168;50.7;49.608;47.58;46.87799999999999
2018-11-23;1;46.410000000000004;46.254000000000005;46.332;46.254;45.864;45.786;47.502;49.919999999999995;54.522;56.238;58.032;56.472;55.458;55.692;55.926;57.408;57.954;56.16;54.209999999999994;50.544000000000004;48.516;46.488;46.800000000000004;47.268
2018-11-24;0;46.956;45.24;46.41;46.722;47.658;46.955999999999996;46.87799999999999;45.708;45.084;44.382000000000005;45.942;45.786;46.41;46.019999999999996;45.864;45.552;47.346;48.048;48.827999999999996;48.20399999999999;48.282;47.42400000000001;46.098000000000006;45.864
2018-11-25;0;46.176;44.694;44.538;44.46;44.382;44.694;44.22599999999999;43.28999999999999;42.275999999999996;41.73;42.822;42.588;42.9;42.977999999999994;43.602000000000004;44.772;47.19;47.112;46.410000000000004;47.19;48.672;46.72200000000001;46.488;46.410000000000004
2018-11-26;1;45.786;46.254;45.708;46.02;46.02;47.267999999999994;47.736000000000004;50.778;56.784000000000006;57.408;58.5;58.187999999999995;58.656;57.72;59.748;58.5;61.151999999999994;56.861999999999995;52.025999999999996;51.324000000000005;50.46600000000001;47.501999999999995;45.474000000000004;44.382000000000005
2018-11-27;1;43.836;43.367999999999995;43.368;43.056;43.134;42.977999999999994;44.616;48.906000000000006;53.43;53.82;53.508;51.635999999999996;48.983999999999995;49.763999999999996;49.608;50.388;54.444;53.742000000000004;51.87;50.388;47.814;43.836;43.68;43.367999999999995
2018-11-28;1;43.212;43.056000000000004;42.666;42.432;42.977999999999994;42.89999999999999;45.162;49.374;52.10399999999999;51.168;51.168;51.480000000000004;48.593999999999994;48.906;48.75;48.438;54.209999999999994;52.65;49.374;47.891999999999996;45.474;43.29;43.056000000000004;42.9
2018-11-29;1;43.056;42.354;42.12;42.354;45.396;45.083999999999996;47.034;50.544;52.182;49.842;49.99799999999999;48.672;47.97;49.062;48.75;48.828;54.834;51.402;48.593999999999994;48.282;46.41;45.162;43.914;43.68
2018-11-30;1;42.9;43.367999999999995;42.9;42.354;42.432;42.198;43.056;47.424;52.338;54.6;53.586;52.337999999999994;49.14;48.828;51.402;52.650000000000006;54.443999999999996;51.558;47.891999999999996;46.956;44.694;42.12;41.574;41.34
2018-12-1;0;41.574;41.885999999999996;43.836;44.226;44.46;44.226;43.602000000000004;39.78;39.0;39.467999999999996;39.546;39.702;39.624;39.78;40.169999999999995;40.482;42.432;42.9;42.744;42.821999999999996;42.510000000000005;42.822;42.9;42.666
2018-12-2;0;42.744;42.9;42.587999999999994;42.354;42.744;42.666;42.276;41.496;40.092;40.326;40.404;40.326;40.95;41.184;41.808;42.588;44.07;43.757999999999996;43.914;42.977999999999994;43.446;43.758;43.992000000000004;43.68
2018-12-3;1;43.758;43.68;43.758;43.367999999999995;43.523999999999994;43.524;45.083999999999996;49.452;54.366;57.72;56.16;53.976;53.664;56.628;58.032;58.422;60.21600000000001;55.69200000000001;52.182;48.516;44.382000000000005;43.836;44.07;43.992
2018-12-4;1;43.992000000000004;43.524;43.758;43.523999999999994;44.06999999999999;43.602000000000004;45.16199999999999;49.92;56.628;58.188;59.514;55.769999999999996;53.508;54.599999999999994;56.628;61.074;60.606;55.224;51.48;50.232;46.019999999999996;44.226;44.303999999999995;43.914
2018-12-5;1;43.524;43.992;43.992;43.524;42.666;42.666;43.524;48.282;53.976;56.081999999999994;56.472;52.104;51.012;52.65;51.245999999999995;51.09;56.784;52.104;50.07599999999999;49.842;47.034;44.772000000000006;43.056;42.978
2018-12-6;1;43.368;42.510000000000005;42.354;42.198;42.198;41.808;41.496;47.19;49.452000000000005;50.7;49.53;48.12599999999999;48.438;49.452;49.842;52.806;55.536;51.089999999999996;49.763999999999996;48.048;44.304;44.07;44.147999999999996;44.226
2018-12-7;1;44.694;43.68;43.68;43.524;43.602;43.211999999999996;43.602000000000004;48.282;55.302;55.614;56.55;54.912000000000006;51.870000000000005;52.026;52.65;54.054;53.196000000000005;50.31;49.92;48.048;46.878;45.864;44.928000000000004;43.913999999999994
2018-12-8;0;44.304;44.147999999999996;44.07;44.226;44.147999999999996;44.148;44.147999999999996;43.29;42.276;42.744;42.666;42.977999999999994;42.977999999999994;43.602;43.367999999999995;43.211999999999996;44.616;45.474000000000004;45.396;45.474000000000004;44.694;44.616;44.694;45.162000000000006
2018-12-9;0;44.928;45.084;45.552;45.006;44.616;44.148;44.382000000000005;43.602;41.730000000000004;42.042;41.495999999999995;41.339999999999996;41.028;41.652;41.73;42.198;44.07;43.992;44.46;45.552;44.382;44.85;44.616;45.24
2018-12-10;1;44.85;45.239999999999995;44.693999999999996;44.616;44.304;43.758;44.304;51.402;56.316;57.56400000000001;57.486000000000004;56.394;54.132000000000005;53.196;54.053999999999995;57.564;59.592;54.834;50.699999999999996;48.594;48.126;44.226;43.134;43.29
2018-12-11;1;43.602;43.21199999999999;43.212;43.134;42.822;42.744;42.9;47.580000000000005;54.989999999999995;55.068;54.132;49.374;47.814;49.373999999999995;50.31;54.288;55.69199999999999;53.196;50.7;48.906;45.474;43.524;43.446;43.367999999999995
2018-12-12;1;43.602000000000004;43.446;43.602;43.446;43.28999999999999;42.978;45.318;49.062;55.146;53.586;53.196;51.635999999999996;51.012;51.792;52.572;52.650000000000006;54.678;50.622;48.906;48.047999999999995;45.24;43.446;42.510000000000005;42.900000000000006
2018-12-13;1;43.446;42.587999999999994;42.354;42.354;41.495999999999995;40.559999999999995;42.198;47.657999999999994;53.196;51.558;52.104;48.282000000000004;48.126;48.282000000000004;48.20399999999999;50.62200000000001;53.352;51.246;49.529999999999994;47.736000000000004;47.658;45.708;43.056;43.914
2018-12-14;1;43.602;44.46;47.034;46.800000000000004;47.034;47.034;47.736000000000004;51.402;56.004000000000005;52.49399999999999;52.104000000000006;46.956;46.566;46.878;47.424;48.126;52.727999999999994;51.48;49.764;48.048;45.864;45.239999999999995;43.29;43.13399999999999
2018-12-15;0;43.134;43.29;43.134;43.056;43.056;43.134;43.134;42.275999999999996;41.262;40.56;40.794;41.184000000000005;41.028;41.730000000000004;41.885999999999996;41.574;43.134;44.304;45.084;42.9;43.367999999999995;43.602000000000004;44.07;43.524
2018-12-16;0;43.367999999999995;43.68;43.368;43.212;43.446;43.446;42.97800000000001;41.184;40.794;40.715999999999994;41.184;41.262;41.418;40.95;40.559999999999995;40.638;43.29;43.134;43.523999999999994;43.602000000000004;43.67999999999999;43.134;43.056;42.822
2018-12-17;1;43.212;42.977999999999994;42.977999999999994;43.056;43.056000000000004;43.367999999999995;44.85000000000001;49.842;56.16;57.72;55.614;54.053999999999995;51.714;50.62200000000001;51.012;51.94799999999999;55.379999999999995;53.273999999999994;50.855999999999995;49.452;43.68;43.29;43.602000000000004;43.68
2018-12-18;1;43.68;43.28999999999999;43.368;43.29;43.68;42.12;43.524;48.048;54.21000000000001;54.209999999999994;52.884;48.984;47.580000000000005;49.062;51.94799999999999;54.6;56.861999999999995;51.635999999999996;51.635999999999996;51.558;47.19;44.304;44.226;43.992000000000004
2018-12-19;1;43.836;43.29;43.056;43.056;42.9;42.51;43.68;50.154;54.443999999999996;56.784000000000006;51.714;50.778;48.36000000000001;49.218;47.111999999999995;50.388;57.72;54.21;53.43;52.416;49.842;46.41;46.878;46.176
2018-12-20;1;45.006;45.474000000000004;44.46;43.367999999999995;43.446;43.524;43.524;48.594;57.251999999999995;58.032000000000004;57.33;57.486000000000004;54.834;53.664;53.81999999999999;57.251999999999995;56.55;51.714;50.544;49.062;44.304;44.07;44.07;44.147999999999996
2018-12-21;1;44.538;44.07;43.757999999999996;43.758;43.446;43.134;43.758;47.424;54.599999999999994;56.160000000000004;51.480000000000004;49.218;49.29599999999999;48.438;46.956;47.891999999999996;50.77799999999999;48.75;48.048;45.629999999999995;45.162;45.162;45.006;43.758
2018-12-22;0;43.134;43.68;43.134;43.211999999999996;43.524;43.368;43.056;42.198;40.638;40.56;40.248000000000005;40.013999999999996;40.326;40.716;40.326;40.638;42.977999999999994;44.304;45.864;45.629999999999995;45.396;45.474;44.772000000000006;44.148
2018-12-23;0;42.198;42.042;42.51;41.964;42.042;41.106;41.574;41.652;40.013999999999996;40.716;41.262;41.652;41.496;42.432;41.808;42.432;44.772;44.616;44.616;45.396;44.07;43.914;43.524;43.758
2018-12-24;1;42.821999999999996;42.822;43.368;43.134;42.9;43.134;43.056;40.716;40.092;39.78;40.092;40.092;39.312;38.766;39.0;39.233999999999995;40.872;41.574;41.808;41.418;41.495999999999995;41.885999999999996;41.730000000000004;41.34
2018-12-25;1;41.574;41.652;41.496;41.262;41.574;41.496;41.184;40.248000000000005;39.39;38.922;39.546;39.54599999999999;39.312;39.624;39.39;38.688;40.95;41.808;41.184;41.652;41.495999999999995;41.964;41.80800000000001;41.964
2018-12-26;1;41.886;41.964;41.73;41.73;41.885999999999996;41.651999999999994;41.652;41.418;39.0;38.844;39.546;39.624;39.234;39.312;39.546;39.546;41.34;41.885999999999996;41.730000000000004;41.73;41.80800000000001;41.886;41.652;41.886
2018-12-27;1;41.886;41.574;41.574;41.730000000000004;41.262;41.495999999999995;42.12;43.68;45.552;43.914;41.652;41.262;41.652;42.275999999999996;41.574000000000005;44.616;46.8;47.346000000000004;46.488;44.147999999999996;42.120000000000005;41.886;41.808;41.964
2018-12-28;1;41.808;41.652;41.574;41.262;41.184;41.418;41.418;42.977999999999994;43.134;40.794;41.964;41.885999999999996;42.51;41.808;41.964;41.418;47.501999999999995;49.29599999999999;50.544;46.41;43.056000000000004;42.9;43.68;42.588
2018-12-29;0;42.900000000000006;42.9;42.198;42.042;42.120000000000005;42.51;41.964;41.184;39.078;39.0;39.546;41.184;41.106;41.184;40.403999999999996;40.95;42.666;43.134;42.510000000000005;42.275999999999996;41.808;42.588;42.042;42.822
2018-12-30;0;43.211999999999996;43.368;43.367999999999995;42.12;42.432;43.056000000000004;42.432;41.106;39.546;39.0;39.234;39.312;39.0;39.39;39.234;40.013999999999996;41.339999999999996;41.730000000000004;41.886;41.652;41.496;41.730000000000004;41.964;41.418
2018-12-31;1;41.495999999999995;41.886;41.808;41.418;41.964;41.028;42.198;43.212;41.730000000000004;41.574;41.262;41.495999999999995;41.028000000000006;40.404;39.624;40.326;41.964;42.666;41.496;41.496;41.574;41.574;41.73;41.652
